solid padtap_base
  facet normal 0.0000e+00 0.0000e+00 -6.0480e+03
    outer loop
      vertex 0.000 0.000 0.000
      vertex 0.000 56.000 0.000
      vertex 108.000 56.000 0.000
    endloop
  endfacet
  facet normal 0.0000e+00 0.0000e+00 -6.0480e+03
    outer loop
      vertex 0.000 0.000 0.000
      vertex 108.000 56.000 0.000
      vertex 108.000 0.000 0.000
    endloop
  endfacet
  facet normal 0.0000e+00 0.0000e+00 6.0480e+03
    outer loop
      vertex 0.000 0.000 1.600
      vertex 108.000 0.000 1.600
      vertex 108.000 56.000 1.600
    endloop
  endfacet
  facet normal 0.0000e+00 0.0000e+00 6.0480e+03
    outer loop
      vertex 0.000 0.000 1.600
      vertex 108.000 56.000 1.600
      vertex 0.000 56.000 1.600
    endloop
  endfacet
  facet normal 0.0000e+00 -1.7280e+02 0.0000e+00
    outer loop
      vertex 0.000 0.000 0.000
      vertex 108.000 0.000 0.000
      vertex 108.000 0.000 1.600
    endloop
  endfacet
  facet normal 0.0000e+00 -1.7280e+02 0.0000e+00
    outer loop
      vertex 0.000 0.000 0.000
      vertex 108.000 0.000 1.600
      vertex 0.000 0.000 1.600
    endloop
  endfacet
  facet normal 8.9600e+01 0.0000e+00 0.0000e+00
    outer loop
      vertex 108.000 0.000 0.000
      vertex 108.000 56.000 0.000
      vertex 108.000 56.000 1.600
    endloop
  endfacet
  facet normal 8.9600e+01 0.0000e+00 0.0000e+00
    outer loop
      vertex 108.000 0.000 0.000
      vertex 108.000 56.000 1.600
      vertex 108.000 0.000 1.600
    endloop
  endfacet
  facet normal 0.0000e+00 1.7280e+02 0.0000e+00
    outer loop
      vertex 108.000 56.000 0.000
      vertex 0.000 56.000 0.000
      vertex 0.000 56.000 1.600
    endloop
  endfacet
  facet normal 0.0000e+00 1.7280e+02 -0.0000e+00
    outer loop
      vertex 108.000 56.000 0.000
      vertex 0.000 56.000 1.600
      vertex 108.000 56.000 1.600
    endloop
  endfacet
  facet normal -8.9600e+01 0.0000e+00 0.0000e+00
    outer loop
      vertex 0.000 56.000 0.000
      vertex 0.000 0.000 0.000
      vertex 0.000 0.000 1.600
    endloop
  endfacet
  facet normal -8.9600e+01 0.0000e+00 0.0000e+00
    outer loop
      vertex 0.000 56.000 0.000
      vertex 0.000 0.000 1.600
      vertex 0.000 56.000 1.600
    endloop
  endfacet
  facet normal 0.0000e+00 0.0000e+00 -8.9600e+01
    outer loop
      vertex 0.000 0.000 1.600
      vertex 0.000 56.000 1.600
      vertex 1.600 56.000 1.600
    endloop
  endfacet
  facet normal 0.0000e+00 0.0000e+00 -8.9600e+01
    outer loop
      vertex 0.000 0.000 1.600
      vertex 1.600 56.000 1.600
      vertex 1.600 0.000 1.600
    endloop
  endfacet
  facet normal 0.0000e+00 0.0000e+00 8.9600e+01
    outer loop
      vertex 0.000 0.000 5.800
      vertex 1.600 0.000 5.800
      vertex 1.600 56.000 5.800
    endloop
  endfacet
  facet normal 0.0000e+00 0.0000e+00 8.9600e+01
    outer loop
      vertex 0.000 0.000 5.800
      vertex 1.600 56.000 5.800
      vertex 0.000 56.000 5.800
    endloop
  endfacet
  facet normal 0.0000e+00 -6.7200e+00 0.0000e+00
    outer loop
      vertex 0.000 0.000 1.600
      vertex 1.600 0.000 1.600
      vertex 1.600 0.000 5.800
    endloop
  endfacet
  facet normal 0.0000e+00 -6.7200e+00 0.0000e+00
    outer loop
      vertex 0.000 0.000 1.600
      vertex 1.600 0.000 5.800
      vertex 0.000 0.000 5.800
    endloop
  endfacet
  facet normal 2.3520e+02 0.0000e+00 0.0000e+00
    outer loop
      vertex 1.600 0.000 1.600
      vertex 1.600 56.000 1.600
      vertex 1.600 56.000 5.800
    endloop
  endfacet
  facet normal 2.3520e+02 0.0000e+00 0.0000e+00
    outer loop
      vertex 1.600 0.000 1.600
      vertex 1.600 56.000 5.800
      vertex 1.600 0.000 5.800
    endloop
  endfacet
  facet normal 0.0000e+00 6.7200e+00 0.0000e+00
    outer loop
      vertex 1.600 56.000 1.600
      vertex 0.000 56.000 1.600
      vertex 0.000 56.000 5.800
    endloop
  endfacet
  facet normal 0.0000e+00 6.7200e+00 -0.0000e+00
    outer loop
      vertex 1.600 56.000 1.600
      vertex 0.000 56.000 5.800
      vertex 1.600 56.000 5.800
    endloop
  endfacet
  facet normal -2.3520e+02 0.0000e+00 0.0000e+00
    outer loop
      vertex 0.000 56.000 1.600
      vertex 0.000 0.000 1.600
      vertex 0.000 0.000 5.800
    endloop
  endfacet
  facet normal -2.3520e+02 0.0000e+00 0.0000e+00
    outer loop
      vertex 0.000 56.000 1.600
      vertex 0.000 0.000 5.800
      vertex 0.000 56.000 5.800
    endloop
  endfacet
  facet normal 0.0000e+00 0.0000e+00 -1.8560e+01
    outer loop
      vertex 0.000 0.000 5.800
      vertex 0.000 11.600 5.800
      vertex 1.600 11.600 5.800
    endloop
  endfacet
  facet normal 0.0000e+00 0.0000e+00 -1.8560e+01
    outer loop
      vertex 0.000 0.000 5.800
      vertex 1.600 11.600 5.800
      vertex 1.600 0.000 5.800
    endloop
  endfacet
  facet normal 0.0000e+00 0.0000e+00 1.8560e+01
    outer loop
      vertex 0.000 0.000 16.200
      vertex 1.600 0.000 16.200
      vertex 1.600 11.600 16.200
    endloop
  endfacet
  facet normal 0.0000e+00 0.0000e+00 1.8560e+01
    outer loop
      vertex 0.000 0.000 16.200
      vertex 1.600 11.600 16.200
      vertex 0.000 11.600 16.200
    endloop
  endfacet
  facet normal 0.0000e+00 -1.6640e+01 0.0000e+00
    outer loop
      vertex 0.000 0.000 5.800
      vertex 1.600 0.000 5.800
      vertex 1.600 0.000 16.200
    endloop
  endfacet
  facet normal 0.0000e+00 -1.6640e+01 0.0000e+00
    outer loop
      vertex 0.000 0.000 5.800
      vertex 1.600 0.000 16.200
      vertex 0.000 0.000 16.200
    endloop
  endfacet
  facet normal 1.2064e+02 0.0000e+00 0.0000e+00
    outer loop
      vertex 1.600 0.000 5.800
      vertex 1.600 11.600 5.800
      vertex 1.600 11.600 16.200
    endloop
  endfacet
  facet normal 1.2064e+02 0.0000e+00 0.0000e+00
    outer loop
      vertex 1.600 0.000 5.800
      vertex 1.600 11.600 16.200
      vertex 1.600 0.000 16.200
    endloop
  endfacet
  facet normal 0.0000e+00 1.6640e+01 0.0000e+00
    outer loop
      vertex 1.600 11.600 5.800
      vertex 0.000 11.600 5.800
      vertex 0.000 11.600 16.200
    endloop
  endfacet
  facet normal 0.0000e+00 1.6640e+01 -0.0000e+00
    outer loop
      vertex 1.600 11.600 5.800
      vertex 0.000 11.600 16.200
      vertex 1.600 11.600 16.200
    endloop
  endfacet
  facet normal -1.2064e+02 0.0000e+00 0.0000e+00
    outer loop
      vertex 0.000 11.600 5.800
      vertex 0.000 0.000 5.800
      vertex 0.000 0.000 16.200
    endloop
  endfacet
  facet normal -1.2064e+02 0.0000e+00 0.0000e+00
    outer loop
      vertex 0.000 11.600 5.800
      vertex 0.000 0.000 16.200
      vertex 0.000 11.600 16.200
    endloop
  endfacet
  facet normal 0.0000e+00 0.0000e+00 -5.7600e+00
    outer loop
      vertex 0.000 16.000 5.800
      vertex 0.000 19.600 5.800
      vertex 1.600 19.600 5.800
    endloop
  endfacet
  facet normal 0.0000e+00 0.0000e+00 -5.7600e+00
    outer loop
      vertex 0.000 16.000 5.800
      vertex 1.600 19.600 5.800
      vertex 1.600 16.000 5.800
    endloop
  endfacet
  facet normal 0.0000e+00 0.0000e+00 5.7600e+00
    outer loop
      vertex 0.000 16.000 16.200
      vertex 1.600 16.000 16.200
      vertex 1.600 19.600 16.200
    endloop
  endfacet
  facet normal 0.0000e+00 0.0000e+00 5.7600e+00
    outer loop
      vertex 0.000 16.000 16.200
      vertex 1.600 19.600 16.200
      vertex 0.000 19.600 16.200
    endloop
  endfacet
  facet normal 0.0000e+00 -1.6640e+01 0.0000e+00
    outer loop
      vertex 0.000 16.000 5.800
      vertex 1.600 16.000 5.800
      vertex 1.600 16.000 16.200
    endloop
  endfacet
  facet normal 0.0000e+00 -1.6640e+01 0.0000e+00
    outer loop
      vertex 0.000 16.000 5.800
      vertex 1.600 16.000 16.200
      vertex 0.000 16.000 16.200
    endloop
  endfacet
  facet normal 3.7440e+01 0.0000e+00 0.0000e+00
    outer loop
      vertex 1.600 16.000 5.800
      vertex 1.600 19.600 5.800
      vertex 1.600 19.600 16.200
    endloop
  endfacet
  facet normal 3.7440e+01 0.0000e+00 0.0000e+00
    outer loop
      vertex 1.600 16.000 5.800
      vertex 1.600 19.600 16.200
      vertex 1.600 16.000 16.200
    endloop
  endfacet
  facet normal 0.0000e+00 1.6640e+01 0.0000e+00
    outer loop
      vertex 1.600 19.600 5.800
      vertex 0.000 19.600 5.800
      vertex 0.000 19.600 16.200
    endloop
  endfacet
  facet normal 0.0000e+00 1.6640e+01 -0.0000e+00
    outer loop
      vertex 1.600 19.600 5.800
      vertex 0.000 19.600 16.200
      vertex 1.600 19.600 16.200
    endloop
  endfacet
  facet normal -3.7440e+01 0.0000e+00 0.0000e+00
    outer loop
      vertex 0.000 19.600 5.800
      vertex 0.000 16.000 5.800
      vertex 0.000 16.000 16.200
    endloop
  endfacet
  facet normal -3.7440e+01 0.0000e+00 0.0000e+00
    outer loop
      vertex 0.000 19.600 5.800
      vertex 0.000 16.000 16.200
      vertex 0.000 19.600 16.200
    endloop
  endfacet
  facet normal 0.0000e+00 0.0000e+00 -5.7600e+00
    outer loop
      vertex 0.000 24.000 5.800
      vertex 0.000 27.600 5.800
      vertex 1.600 27.600 5.800
    endloop
  endfacet
  facet normal 0.0000e+00 0.0000e+00 -5.7600e+00
    outer loop
      vertex 0.000 24.000 5.800
      vertex 1.600 27.600 5.800
      vertex 1.600 24.000 5.800
    endloop
  endfacet
  facet normal 0.0000e+00 0.0000e+00 5.7600e+00
    outer loop
      vertex 0.000 24.000 16.200
      vertex 1.600 24.000 16.200
      vertex 1.600 27.600 16.200
    endloop
  endfacet
  facet normal 0.0000e+00 0.0000e+00 5.7600e+00
    outer loop
      vertex 0.000 24.000 16.200
      vertex 1.600 27.600 16.200
      vertex 0.000 27.600 16.200
    endloop
  endfacet
  facet normal 0.0000e+00 -1.6640e+01 0.0000e+00
    outer loop
      vertex 0.000 24.000 5.800
      vertex 1.600 24.000 5.800
      vertex 1.600 24.000 16.200
    endloop
  endfacet
  facet normal 0.0000e+00 -1.6640e+01 0.0000e+00
    outer loop
      vertex 0.000 24.000 5.800
      vertex 1.600 24.000 16.200
      vertex 0.000 24.000 16.200
    endloop
  endfacet
  facet normal 3.7440e+01 0.0000e+00 0.0000e+00
    outer loop
      vertex 1.600 24.000 5.800
      vertex 1.600 27.600 5.800
      vertex 1.600 27.600 16.200
    endloop
  endfacet
  facet normal 3.7440e+01 0.0000e+00 0.0000e+00
    outer loop
      vertex 1.600 24.000 5.800
      vertex 1.600 27.600 16.200
      vertex 1.600 24.000 16.200
    endloop
  endfacet
  facet normal 0.0000e+00 1.6640e+01 0.0000e+00
    outer loop
      vertex 1.600 27.600 5.800
      vertex 0.000 27.600 5.800
      vertex 0.000 27.600 16.200
    endloop
  endfacet
  facet normal 0.0000e+00 1.6640e+01 -0.0000e+00
    outer loop
      vertex 1.600 27.600 5.800
      vertex 0.000 27.600 16.200
      vertex 1.600 27.600 16.200
    endloop
  endfacet
  facet normal -3.7440e+01 0.0000e+00 0.0000e+00
    outer loop
      vertex 0.000 27.600 5.800
      vertex 0.000 24.000 5.800
      vertex 0.000 24.000 16.200
    endloop
  endfacet
  facet normal -3.7440e+01 0.0000e+00 0.0000e+00
    outer loop
      vertex 0.000 27.600 5.800
      vertex 0.000 24.000 16.200
      vertex 0.000 27.600 16.200
    endloop
  endfacet
  facet normal 0.0000e+00 0.0000e+00 -3.8400e+01
    outer loop
      vertex 0.000 32.000 5.800
      vertex 0.000 56.000 5.800
      vertex 1.600 56.000 5.800
    endloop
  endfacet
  facet normal 0.0000e+00 0.0000e+00 -3.8400e+01
    outer loop
      vertex 0.000 32.000 5.800
      vertex 1.600 56.000 5.800
      vertex 1.600 32.000 5.800
    endloop
  endfacet
  facet normal 0.0000e+00 0.0000e+00 3.8400e+01
    outer loop
      vertex 0.000 32.000 16.200
      vertex 1.600 32.000 16.200
      vertex 1.600 56.000 16.200
    endloop
  endfacet
  facet normal 0.0000e+00 0.0000e+00 3.8400e+01
    outer loop
      vertex 0.000 32.000 16.200
      vertex 1.600 56.000 16.200
      vertex 0.000 56.000 16.200
    endloop
  endfacet
  facet normal 0.0000e+00 -1.6640e+01 0.0000e+00
    outer loop
      vertex 0.000 32.000 5.800
      vertex 1.600 32.000 5.800
      vertex 1.600 32.000 16.200
    endloop
  endfacet
  facet normal 0.0000e+00 -1.6640e+01 0.0000e+00
    outer loop
      vertex 0.000 32.000 5.800
      vertex 1.600 32.000 16.200
      vertex 0.000 32.000 16.200
    endloop
  endfacet
  facet normal 2.4960e+02 0.0000e+00 0.0000e+00
    outer loop
      vertex 1.600 32.000 5.800
      vertex 1.600 56.000 5.800
      vertex 1.600 56.000 16.200
    endloop
  endfacet
  facet normal 2.4960e+02 0.0000e+00 0.0000e+00
    outer loop
      vertex 1.600 32.000 5.800
      vertex 1.600 56.000 16.200
      vertex 1.600 32.000 16.200
    endloop
  endfacet
  facet normal 0.0000e+00 1.6640e+01 0.0000e+00
    outer loop
      vertex 1.600 56.000 5.800
      vertex 0.000 56.000 5.800
      vertex 0.000 56.000 16.200
    endloop
  endfacet
  facet normal 0.0000e+00 1.6640e+01 -0.0000e+00
    outer loop
      vertex 1.600 56.000 5.800
      vertex 0.000 56.000 16.200
      vertex 1.600 56.000 16.200
    endloop
  endfacet
  facet normal -2.4960e+02 0.0000e+00 0.0000e+00
    outer loop
      vertex 0.000 56.000 5.800
      vertex 0.000 32.000 5.800
      vertex 0.000 32.000 16.200
    endloop
  endfacet
  facet normal -2.4960e+02 0.0000e+00 0.0000e+00
    outer loop
      vertex 0.000 56.000 5.800
      vertex 0.000 32.000 16.200
      vertex 0.000 56.000 16.200
    endloop
  endfacet
  facet normal 0.0000e+00 0.0000e+00 -3.8240e+01
    outer loop
      vertex 106.400 0.000 1.600
      vertex 106.400 23.900 1.600
      vertex 108.000 23.900 1.600
    endloop
  endfacet
  facet normal 0.0000e+00 0.0000e+00 -3.8240e+01
    outer loop
      vertex 106.400 0.000 1.600
      vertex 108.000 23.900 1.600
      vertex 108.000 0.000 1.600
    endloop
  endfacet
  facet normal 0.0000e+00 0.0000e+00 3.8240e+01
    outer loop
      vertex 106.400 0.000 16.200
      vertex 108.000 0.000 16.200
      vertex 108.000 23.900 16.200
    endloop
  endfacet
  facet normal 0.0000e+00 0.0000e+00 3.8240e+01
    outer loop
      vertex 106.400 0.000 16.200
      vertex 108.000 23.900 16.200
      vertex 106.400 23.900 16.200
    endloop
  endfacet
  facet normal 0.0000e+00 -2.3360e+01 0.0000e+00
    outer loop
      vertex 106.400 0.000 1.600
      vertex 108.000 0.000 1.600
      vertex 108.000 0.000 16.200
    endloop
  endfacet
  facet normal 0.0000e+00 -2.3360e+01 0.0000e+00
    outer loop
      vertex 106.400 0.000 1.600
      vertex 108.000 0.000 16.200
      vertex 106.400 0.000 16.200
    endloop
  endfacet
  facet normal 3.4894e+02 0.0000e+00 0.0000e+00
    outer loop
      vertex 108.000 0.000 1.600
      vertex 108.000 23.900 1.600
      vertex 108.000 23.900 16.200
    endloop
  endfacet
  facet normal 3.4894e+02 0.0000e+00 0.0000e+00
    outer loop
      vertex 108.000 0.000 1.600
      vertex 108.000 23.900 16.200
      vertex 108.000 0.000 16.200
    endloop
  endfacet
  facet normal 0.0000e+00 2.3360e+01 0.0000e+00
    outer loop
      vertex 108.000 23.900 1.600
      vertex 106.400 23.900 1.600
      vertex 106.400 23.900 16.200
    endloop
  endfacet
  facet normal 0.0000e+00 2.3360e+01 -0.0000e+00
    outer loop
      vertex 108.000 23.900 1.600
      vertex 106.400 23.900 16.200
      vertex 108.000 23.900 16.200
    endloop
  endfacet
  facet normal -3.4894e+02 0.0000e+00 0.0000e+00
    outer loop
      vertex 106.400 23.900 1.600
      vertex 106.400 0.000 1.600
      vertex 106.400 0.000 16.200
    endloop
  endfacet
  facet normal -3.4894e+02 0.0000e+00 0.0000e+00
    outer loop
      vertex 106.400 23.900 1.600
      vertex 106.400 0.000 16.200
      vertex 106.400 23.900 16.200
    endloop
  endfacet
  facet normal 0.0000e+00 0.0000e+00 -3.8240e+01
    outer loop
      vertex 106.400 32.100 1.600
      vertex 106.400 56.000 1.600
      vertex 108.000 56.000 1.600
    endloop
  endfacet
  facet normal 0.0000e+00 0.0000e+00 -3.8240e+01
    outer loop
      vertex 106.400 32.100 1.600
      vertex 108.000 56.000 1.600
      vertex 108.000 32.100 1.600
    endloop
  endfacet
  facet normal 0.0000e+00 0.0000e+00 3.8240e+01
    outer loop
      vertex 106.400 32.100 16.200
      vertex 108.000 32.100 16.200
      vertex 108.000 56.000 16.200
    endloop
  endfacet
  facet normal 0.0000e+00 0.0000e+00 3.8240e+01
    outer loop
      vertex 106.400 32.100 16.200
      vertex 108.000 56.000 16.200
      vertex 106.400 56.000 16.200
    endloop
  endfacet
  facet normal 0.0000e+00 -2.3360e+01 0.0000e+00
    outer loop
      vertex 106.400 32.100 1.600
      vertex 108.000 32.100 1.600
      vertex 108.000 32.100 16.200
    endloop
  endfacet
  facet normal 0.0000e+00 -2.3360e+01 0.0000e+00
    outer loop
      vertex 106.400 32.100 1.600
      vertex 108.000 32.100 16.200
      vertex 106.400 32.100 16.200
    endloop
  endfacet
  facet normal 3.4894e+02 0.0000e+00 0.0000e+00
    outer loop
      vertex 108.000 32.100 1.600
      vertex 108.000 56.000 1.600
      vertex 108.000 56.000 16.200
    endloop
  endfacet
  facet normal 3.4894e+02 0.0000e+00 0.0000e+00
    outer loop
      vertex 108.000 32.100 1.600
      vertex 108.000 56.000 16.200
      vertex 108.000 32.100 16.200
    endloop
  endfacet
  facet normal 0.0000e+00 2.3360e+01 0.0000e+00
    outer loop
      vertex 108.000 56.000 1.600
      vertex 106.400 56.000 1.600
      vertex 106.400 56.000 16.200
    endloop
  endfacet
  facet normal 0.0000e+00 2.3360e+01 -0.0000e+00
    outer loop
      vertex 108.000 56.000 1.600
      vertex 106.400 56.000 16.200
      vertex 108.000 56.000 16.200
    endloop
  endfacet
  facet normal -3.4894e+02 0.0000e+00 0.0000e+00
    outer loop
      vertex 106.400 56.000 1.600
      vertex 106.400 32.100 1.600
      vertex 106.400 32.100 16.200
    endloop
  endfacet
  facet normal -3.4894e+02 0.0000e+00 0.0000e+00
    outer loop
      vertex 106.400 56.000 1.600
      vertex 106.400 32.100 16.200
      vertex 106.400 56.000 16.200
    endloop
  endfacet
  facet normal 0.0000e+00 0.0000e+00 -1.3120e+01
    outer loop
      vertex 106.400 23.900 1.600
      vertex 106.400 32.100 1.600
      vertex 108.000 32.100 1.600
    endloop
  endfacet
  facet normal 0.0000e+00 0.0000e+00 -1.3120e+01
    outer loop
      vertex 106.400 23.900 1.600
      vertex 108.000 32.100 1.600
      vertex 108.000 23.900 1.600
    endloop
  endfacet
  facet normal 0.0000e+00 0.0000e+00 1.3120e+01
    outer loop
      vertex 106.400 23.900 4.000
      vertex 108.000 23.900 4.000
      vertex 108.000 32.100 4.000
    endloop
  endfacet
  facet normal 0.0000e+00 0.0000e+00 1.3120e+01
    outer loop
      vertex 106.400 23.900 4.000
      vertex 108.000 32.100 4.000
      vertex 106.400 32.100 4.000
    endloop
  endfacet
  facet normal 0.0000e+00 -3.8400e+00 0.0000e+00
    outer loop
      vertex 106.400 23.900 1.600
      vertex 108.000 23.900 1.600
      vertex 108.000 23.900 4.000
    endloop
  endfacet
  facet normal 0.0000e+00 -3.8400e+00 0.0000e+00
    outer loop
      vertex 106.400 23.900 1.600
      vertex 108.000 23.900 4.000
      vertex 106.400 23.900 4.000
    endloop
  endfacet
  facet normal 1.9680e+01 0.0000e+00 0.0000e+00
    outer loop
      vertex 108.000 23.900 1.600
      vertex 108.000 32.100 1.600
      vertex 108.000 32.100 4.000
    endloop
  endfacet
  facet normal 1.9680e+01 0.0000e+00 0.0000e+00
    outer loop
      vertex 108.000 23.900 1.600
      vertex 108.000 32.100 4.000
      vertex 108.000 23.900 4.000
    endloop
  endfacet
  facet normal 0.0000e+00 3.8400e+00 0.0000e+00
    outer loop
      vertex 108.000 32.100 1.600
      vertex 106.400 32.100 1.600
      vertex 106.400 32.100 4.000
    endloop
  endfacet
  facet normal 0.0000e+00 3.8400e+00 -0.0000e+00
    outer loop
      vertex 108.000 32.100 1.600
      vertex 106.400 32.100 4.000
      vertex 108.000 32.100 4.000
    endloop
  endfacet
  facet normal -1.9680e+01 0.0000e+00 0.0000e+00
    outer loop
      vertex 106.400 32.100 1.600
      vertex 106.400 23.900 1.600
      vertex 106.400 23.900 4.000
    endloop
  endfacet
  facet normal -1.9680e+01 0.0000e+00 0.0000e+00
    outer loop
      vertex 106.400 32.100 1.600
      vertex 106.400 23.900 4.000
      vertex 106.400 32.100 4.000
    endloop
  endfacet
  facet normal 0.0000e+00 0.0000e+00 -1.3120e+01
    outer loop
      vertex 106.400 23.900 12.200
      vertex 106.400 32.100 12.200
      vertex 108.000 32.100 12.200
    endloop
  endfacet
  facet normal 0.0000e+00 0.0000e+00 -1.3120e+01
    outer loop
      vertex 106.400 23.900 12.200
      vertex 108.000 32.100 12.200
      vertex 108.000 23.900 12.200
    endloop
  endfacet
  facet normal 0.0000e+00 0.0000e+00 1.3120e+01
    outer loop
      vertex 106.400 23.900 16.200
      vertex 108.000 23.900 16.200
      vertex 108.000 32.100 16.200
    endloop
  endfacet
  facet normal 0.0000e+00 0.0000e+00 1.3120e+01
    outer loop
      vertex 106.400 23.900 16.200
      vertex 108.000 32.100 16.200
      vertex 106.400 32.100 16.200
    endloop
  endfacet
  facet normal 0.0000e+00 -6.4000e+00 0.0000e+00
    outer loop
      vertex 106.400 23.900 12.200
      vertex 108.000 23.900 12.200
      vertex 108.000 23.900 16.200
    endloop
  endfacet
  facet normal 0.0000e+00 -6.4000e+00 0.0000e+00
    outer loop
      vertex 106.400 23.900 12.200
      vertex 108.000 23.900 16.200
      vertex 106.400 23.900 16.200
    endloop
  endfacet
  facet normal 3.2800e+01 0.0000e+00 0.0000e+00
    outer loop
      vertex 108.000 23.900 12.200
      vertex 108.000 32.100 12.200
      vertex 108.000 32.100 16.200
    endloop
  endfacet
  facet normal 3.2800e+01 0.0000e+00 0.0000e+00
    outer loop
      vertex 108.000 23.900 12.200
      vertex 108.000 32.100 16.200
      vertex 108.000 23.900 16.200
    endloop
  endfacet
  facet normal 0.0000e+00 6.4000e+00 0.0000e+00
    outer loop
      vertex 108.000 32.100 12.200
      vertex 106.400 32.100 12.200
      vertex 106.400 32.100 16.200
    endloop
  endfacet
  facet normal 0.0000e+00 6.4000e+00 -0.0000e+00
    outer loop
      vertex 108.000 32.100 12.200
      vertex 106.400 32.100 16.200
      vertex 108.000 32.100 16.200
    endloop
  endfacet
  facet normal -3.2800e+01 0.0000e+00 0.0000e+00
    outer loop
      vertex 106.400 32.100 12.200
      vertex 106.400 23.900 12.200
      vertex 106.400 23.900 16.200
    endloop
  endfacet
  facet normal -3.2800e+01 0.0000e+00 0.0000e+00
    outer loop
      vertex 106.400 32.100 12.200
      vertex 106.400 23.900 16.200
      vertex 106.400 32.100 16.200
    endloop
  endfacet
  facet normal 0.0000e+00 0.0000e+00 -2.8800e+01
    outer loop
      vertex 0.000 0.000 1.600
      vertex 0.000 1.600 1.600
      vertex 18.000 1.600 1.600
    endloop
  endfacet
  facet normal 0.0000e+00 0.0000e+00 -2.8800e+01
    outer loop
      vertex 0.000 0.000 1.600
      vertex 18.000 1.600 1.600
      vertex 18.000 0.000 1.600
    endloop
  endfacet
  facet normal 0.0000e+00 0.0000e+00 2.8800e+01
    outer loop
      vertex 0.000 0.000 16.200
      vertex 18.000 0.000 16.200
      vertex 18.000 1.600 16.200
    endloop
  endfacet
  facet normal 0.0000e+00 0.0000e+00 2.8800e+01
    outer loop
      vertex 0.000 0.000 16.200
      vertex 18.000 1.600 16.200
      vertex 0.000 1.600 16.200
    endloop
  endfacet
  facet normal 0.0000e+00 -2.6280e+02 0.0000e+00
    outer loop
      vertex 0.000 0.000 1.600
      vertex 18.000 0.000 1.600
      vertex 18.000 0.000 16.200
    endloop
  endfacet
  facet normal 0.0000e+00 -2.6280e+02 0.0000e+00
    outer loop
      vertex 0.000 0.000 1.600
      vertex 18.000 0.000 16.200
      vertex 0.000 0.000 16.200
    endloop
  endfacet
  facet normal 2.3360e+01 0.0000e+00 0.0000e+00
    outer loop
      vertex 18.000 0.000 1.600
      vertex 18.000 1.600 1.600
      vertex 18.000 1.600 16.200
    endloop
  endfacet
  facet normal 2.3360e+01 0.0000e+00 0.0000e+00
    outer loop
      vertex 18.000 0.000 1.600
      vertex 18.000 1.600 16.200
      vertex 18.000 0.000 16.200
    endloop
  endfacet
  facet normal 0.0000e+00 2.6280e+02 0.0000e+00
    outer loop
      vertex 18.000 1.600 1.600
      vertex 0.000 1.600 1.600
      vertex 0.000 1.600 16.200
    endloop
  endfacet
  facet normal 0.0000e+00 2.6280e+02 -0.0000e+00
    outer loop
      vertex 18.000 1.600 1.600
      vertex 0.000 1.600 16.200
      vertex 18.000 1.600 16.200
    endloop
  endfacet
  facet normal -2.3360e+01 0.0000e+00 0.0000e+00
    outer loop
      vertex 0.000 1.600 1.600
      vertex 0.000 0.000 1.600
      vertex 0.000 0.000 16.200
    endloop
  endfacet
  facet normal -2.3360e+01 0.0000e+00 0.0000e+00
    outer loop
      vertex 0.000 1.600 1.600
      vertex 0.000 0.000 16.200
      vertex 0.000 1.600 16.200
    endloop
  endfacet
  facet normal 0.0000e+00 0.0000e+00 -1.6000e+01
    outer loop
      vertex 18.000 0.000 1.600
      vertex 18.000 1.600 1.600
      vertex 28.000 1.600 1.600
    endloop
  endfacet
  facet normal 0.0000e+00 0.0000e+00 -1.6000e+01
    outer loop
      vertex 18.000 0.000 1.600
      vertex 28.000 1.600 1.600
      vertex 28.000 0.000 1.600
    endloop
  endfacet
  facet normal 0.0000e+00 0.0000e+00 1.6000e+01
    outer loop
      vertex 18.000 0.000 7.600
      vertex 28.000 0.000 7.600
      vertex 28.000 1.600 7.600
    endloop
  endfacet
  facet normal 0.0000e+00 0.0000e+00 1.6000e+01
    outer loop
      vertex 18.000 0.000 7.600
      vertex 28.000 1.600 7.600
      vertex 18.000 1.600 7.600
    endloop
  endfacet
  facet normal 0.0000e+00 -6.0000e+01 0.0000e+00
    outer loop
      vertex 18.000 0.000 1.600
      vertex 28.000 0.000 1.600
      vertex 28.000 0.000 7.600
    endloop
  endfacet
  facet normal 0.0000e+00 -6.0000e+01 0.0000e+00
    outer loop
      vertex 18.000 0.000 1.600
      vertex 28.000 0.000 7.600
      vertex 18.000 0.000 7.600
    endloop
  endfacet
  facet normal 9.6000e+00 0.0000e+00 0.0000e+00
    outer loop
      vertex 28.000 0.000 1.600
      vertex 28.000 1.600 1.600
      vertex 28.000 1.600 7.600
    endloop
  endfacet
  facet normal 9.6000e+00 0.0000e+00 0.0000e+00
    outer loop
      vertex 28.000 0.000 1.600
      vertex 28.000 1.600 7.600
      vertex 28.000 0.000 7.600
    endloop
  endfacet
  facet normal 0.0000e+00 6.0000e+01 0.0000e+00
    outer loop
      vertex 28.000 1.600 1.600
      vertex 18.000 1.600 1.600
      vertex 18.000 1.600 7.600
    endloop
  endfacet
  facet normal 0.0000e+00 6.0000e+01 -0.0000e+00
    outer loop
      vertex 28.000 1.600 1.600
      vertex 18.000 1.600 7.600
      vertex 28.000 1.600 7.600
    endloop
  endfacet
  facet normal -9.6000e+00 0.0000e+00 0.0000e+00
    outer loop
      vertex 18.000 1.600 1.600
      vertex 18.000 0.000 1.600
      vertex 18.000 0.000 7.600
    endloop
  endfacet
  facet normal -9.6000e+00 0.0000e+00 0.0000e+00
    outer loop
      vertex 18.000 1.600 1.600
      vertex 18.000 0.000 7.600
      vertex 18.000 1.600 7.600
    endloop
  endfacet
  facet normal 0.0000e+00 0.0000e+00 -1.6000e+01
    outer loop
      vertex 18.000 0.000 9.800
      vertex 18.000 1.600 9.800
      vertex 28.000 1.600 9.800
    endloop
  endfacet
  facet normal 0.0000e+00 0.0000e+00 -1.6000e+01
    outer loop
      vertex 18.000 0.000 9.800
      vertex 28.000 1.600 9.800
      vertex 28.000 0.000 9.800
    endloop
  endfacet
  facet normal 0.0000e+00 0.0000e+00 1.6000e+01
    outer loop
      vertex 18.000 0.000 16.200
      vertex 28.000 0.000 16.200
      vertex 28.000 1.600 16.200
    endloop
  endfacet
  facet normal 0.0000e+00 0.0000e+00 1.6000e+01
    outer loop
      vertex 18.000 0.000 16.200
      vertex 28.000 1.600 16.200
      vertex 18.000 1.600 16.200
    endloop
  endfacet
  facet normal 0.0000e+00 -6.4000e+01 0.0000e+00
    outer loop
      vertex 18.000 0.000 9.800
      vertex 28.000 0.000 9.800
      vertex 28.000 0.000 16.200
    endloop
  endfacet
  facet normal 0.0000e+00 -6.4000e+01 0.0000e+00
    outer loop
      vertex 18.000 0.000 9.800
      vertex 28.000 0.000 16.200
      vertex 18.000 0.000 16.200
    endloop
  endfacet
  facet normal 1.0240e+01 0.0000e+00 0.0000e+00
    outer loop
      vertex 28.000 0.000 9.800
      vertex 28.000 1.600 9.800
      vertex 28.000 1.600 16.200
    endloop
  endfacet
  facet normal 1.0240e+01 0.0000e+00 0.0000e+00
    outer loop
      vertex 28.000 0.000 9.800
      vertex 28.000 1.600 16.200
      vertex 28.000 0.000 16.200
    endloop
  endfacet
  facet normal 0.0000e+00 6.4000e+01 0.0000e+00
    outer loop
      vertex 28.000 1.600 9.800
      vertex 18.000 1.600 9.800
      vertex 18.000 1.600 16.200
    endloop
  endfacet
  facet normal 0.0000e+00 6.4000e+01 -0.0000e+00
    outer loop
      vertex 28.000 1.600 9.800
      vertex 18.000 1.600 16.200
      vertex 28.000 1.600 16.200
    endloop
  endfacet
  facet normal -1.0240e+01 0.0000e+00 0.0000e+00
    outer loop
      vertex 18.000 1.600 9.800
      vertex 18.000 0.000 9.800
      vertex 18.000 0.000 16.200
    endloop
  endfacet
  facet normal -1.0240e+01 0.0000e+00 0.0000e+00
    outer loop
      vertex 18.000 1.600 9.800
      vertex 18.000 0.000 16.200
      vertex 18.000 1.600 16.200
    endloop
  endfacet
  facet normal 0.0000e+00 0.0000e+00 -1.9200e+01
    outer loop
      vertex 28.000 0.000 1.600
      vertex 28.000 1.600 1.600
      vertex 40.000 1.600 1.600
    endloop
  endfacet
  facet normal 0.0000e+00 0.0000e+00 -1.9200e+01
    outer loop
      vertex 28.000 0.000 1.600
      vertex 40.000 1.600 1.600
      vertex 40.000 0.000 1.600
    endloop
  endfacet
  facet normal 0.0000e+00 0.0000e+00 1.9200e+01
    outer loop
      vertex 28.000 0.000 16.200
      vertex 40.000 0.000 16.200
      vertex 40.000 1.600 16.200
    endloop
  endfacet
  facet normal 0.0000e+00 0.0000e+00 1.9200e+01
    outer loop
      vertex 28.000 0.000 16.200
      vertex 40.000 1.600 16.200
      vertex 28.000 1.600 16.200
    endloop
  endfacet
  facet normal 0.0000e+00 -1.7520e+02 0.0000e+00
    outer loop
      vertex 28.000 0.000 1.600
      vertex 40.000 0.000 1.600
      vertex 40.000 0.000 16.200
    endloop
  endfacet
  facet normal 0.0000e+00 -1.7520e+02 0.0000e+00
    outer loop
      vertex 28.000 0.000 1.600
      vertex 40.000 0.000 16.200
      vertex 28.000 0.000 16.200
    endloop
  endfacet
  facet normal 2.3360e+01 0.0000e+00 0.0000e+00
    outer loop
      vertex 40.000 0.000 1.600
      vertex 40.000 1.600 1.600
      vertex 40.000 1.600 16.200
    endloop
  endfacet
  facet normal 2.3360e+01 0.0000e+00 0.0000e+00
    outer loop
      vertex 40.000 0.000 1.600
      vertex 40.000 1.600 16.200
      vertex 40.000 0.000 16.200
    endloop
  endfacet
  facet normal 0.0000e+00 1.7520e+02 0.0000e+00
    outer loop
      vertex 40.000 1.600 1.600
      vertex 28.000 1.600 1.600
      vertex 28.000 1.600 16.200
    endloop
  endfacet
  facet normal 0.0000e+00 1.7520e+02 -0.0000e+00
    outer loop
      vertex 40.000 1.600 1.600
      vertex 28.000 1.600 16.200
      vertex 40.000 1.600 16.200
    endloop
  endfacet
  facet normal -2.3360e+01 0.0000e+00 0.0000e+00
    outer loop
      vertex 28.000 1.600 1.600
      vertex 28.000 0.000 1.600
      vertex 28.000 0.000 16.200
    endloop
  endfacet
  facet normal -2.3360e+01 0.0000e+00 0.0000e+00
    outer loop
      vertex 28.000 1.600 1.600
      vertex 28.000 0.000 16.200
      vertex 28.000 1.600 16.200
    endloop
  endfacet
  facet normal 0.0000e+00 0.0000e+00 -1.6000e+01
    outer loop
      vertex 40.000 0.000 1.600
      vertex 40.000 1.600 1.600
      vertex 50.000 1.600 1.600
    endloop
  endfacet
  facet normal 0.0000e+00 0.0000e+00 -1.6000e+01
    outer loop
      vertex 40.000 0.000 1.600
      vertex 50.000 1.600 1.600
      vertex 50.000 0.000 1.600
    endloop
  endfacet
  facet normal 0.0000e+00 0.0000e+00 1.6000e+01
    outer loop
      vertex 40.000 0.000 7.600
      vertex 50.000 0.000 7.600
      vertex 50.000 1.600 7.600
    endloop
  endfacet
  facet normal 0.0000e+00 0.0000e+00 1.6000e+01
    outer loop
      vertex 40.000 0.000 7.600
      vertex 50.000 1.600 7.600
      vertex 40.000 1.600 7.600
    endloop
  endfacet
  facet normal 0.0000e+00 -6.0000e+01 0.0000e+00
    outer loop
      vertex 40.000 0.000 1.600
      vertex 50.000 0.000 1.600
      vertex 50.000 0.000 7.600
    endloop
  endfacet
  facet normal 0.0000e+00 -6.0000e+01 0.0000e+00
    outer loop
      vertex 40.000 0.000 1.600
      vertex 50.000 0.000 7.600
      vertex 40.000 0.000 7.600
    endloop
  endfacet
  facet normal 9.6000e+00 0.0000e+00 0.0000e+00
    outer loop
      vertex 50.000 0.000 1.600
      vertex 50.000 1.600 1.600
      vertex 50.000 1.600 7.600
    endloop
  endfacet
  facet normal 9.6000e+00 0.0000e+00 0.0000e+00
    outer loop
      vertex 50.000 0.000 1.600
      vertex 50.000 1.600 7.600
      vertex 50.000 0.000 7.600
    endloop
  endfacet
  facet normal 0.0000e+00 6.0000e+01 0.0000e+00
    outer loop
      vertex 50.000 1.600 1.600
      vertex 40.000 1.600 1.600
      vertex 40.000 1.600 7.600
    endloop
  endfacet
  facet normal 0.0000e+00 6.0000e+01 -0.0000e+00
    outer loop
      vertex 50.000 1.600 1.600
      vertex 40.000 1.600 7.600
      vertex 50.000 1.600 7.600
    endloop
  endfacet
  facet normal -9.6000e+00 0.0000e+00 0.0000e+00
    outer loop
      vertex 40.000 1.600 1.600
      vertex 40.000 0.000 1.600
      vertex 40.000 0.000 7.600
    endloop
  endfacet
  facet normal -9.6000e+00 0.0000e+00 0.0000e+00
    outer loop
      vertex 40.000 1.600 1.600
      vertex 40.000 0.000 7.600
      vertex 40.000 1.600 7.600
    endloop
  endfacet
  facet normal 0.0000e+00 0.0000e+00 -1.6000e+01
    outer loop
      vertex 40.000 0.000 9.800
      vertex 40.000 1.600 9.800
      vertex 50.000 1.600 9.800
    endloop
  endfacet
  facet normal 0.0000e+00 0.0000e+00 -1.6000e+01
    outer loop
      vertex 40.000 0.000 9.800
      vertex 50.000 1.600 9.800
      vertex 50.000 0.000 9.800
    endloop
  endfacet
  facet normal 0.0000e+00 0.0000e+00 1.6000e+01
    outer loop
      vertex 40.000 0.000 16.200
      vertex 50.000 0.000 16.200
      vertex 50.000 1.600 16.200
    endloop
  endfacet
  facet normal 0.0000e+00 0.0000e+00 1.6000e+01
    outer loop
      vertex 40.000 0.000 16.200
      vertex 50.000 1.600 16.200
      vertex 40.000 1.600 16.200
    endloop
  endfacet
  facet normal 0.0000e+00 -6.4000e+01 0.0000e+00
    outer loop
      vertex 40.000 0.000 9.800
      vertex 50.000 0.000 9.800
      vertex 50.000 0.000 16.200
    endloop
  endfacet
  facet normal 0.0000e+00 -6.4000e+01 0.0000e+00
    outer loop
      vertex 40.000 0.000 9.800
      vertex 50.000 0.000 16.200
      vertex 40.000 0.000 16.200
    endloop
  endfacet
  facet normal 1.0240e+01 0.0000e+00 0.0000e+00
    outer loop
      vertex 50.000 0.000 9.800
      vertex 50.000 1.600 9.800
      vertex 50.000 1.600 16.200
    endloop
  endfacet
  facet normal 1.0240e+01 0.0000e+00 0.0000e+00
    outer loop
      vertex 50.000 0.000 9.800
      vertex 50.000 1.600 16.200
      vertex 50.000 0.000 16.200
    endloop
  endfacet
  facet normal 0.0000e+00 6.4000e+01 0.0000e+00
    outer loop
      vertex 50.000 1.600 9.800
      vertex 40.000 1.600 9.800
      vertex 40.000 1.600 16.200
    endloop
  endfacet
  facet normal 0.0000e+00 6.4000e+01 -0.0000e+00
    outer loop
      vertex 50.000 1.600 9.800
      vertex 40.000 1.600 16.200
      vertex 50.000 1.600 16.200
    endloop
  endfacet
  facet normal -1.0240e+01 0.0000e+00 0.0000e+00
    outer loop
      vertex 40.000 1.600 9.800
      vertex 40.000 0.000 9.800
      vertex 40.000 0.000 16.200
    endloop
  endfacet
  facet normal -1.0240e+01 0.0000e+00 0.0000e+00
    outer loop
      vertex 40.000 1.600 9.800
      vertex 40.000 0.000 16.200
      vertex 40.000 1.600 16.200
    endloop
  endfacet
  facet normal 0.0000e+00 0.0000e+00 -1.9200e+01
    outer loop
      vertex 50.000 0.000 1.600
      vertex 50.000 1.600 1.600
      vertex 62.000 1.600 1.600
    endloop
  endfacet
  facet normal 0.0000e+00 0.0000e+00 -1.9200e+01
    outer loop
      vertex 50.000 0.000 1.600
      vertex 62.000 1.600 1.600
      vertex 62.000 0.000 1.600
    endloop
  endfacet
  facet normal 0.0000e+00 0.0000e+00 1.9200e+01
    outer loop
      vertex 50.000 0.000 16.200
      vertex 62.000 0.000 16.200
      vertex 62.000 1.600 16.200
    endloop
  endfacet
  facet normal 0.0000e+00 0.0000e+00 1.9200e+01
    outer loop
      vertex 50.000 0.000 16.200
      vertex 62.000 1.600 16.200
      vertex 50.000 1.600 16.200
    endloop
  endfacet
  facet normal 0.0000e+00 -1.7520e+02 0.0000e+00
    outer loop
      vertex 50.000 0.000 1.600
      vertex 62.000 0.000 1.600
      vertex 62.000 0.000 16.200
    endloop
  endfacet
  facet normal 0.0000e+00 -1.7520e+02 0.0000e+00
    outer loop
      vertex 50.000 0.000 1.600
      vertex 62.000 0.000 16.200
      vertex 50.000 0.000 16.200
    endloop
  endfacet
  facet normal 2.3360e+01 0.0000e+00 0.0000e+00
    outer loop
      vertex 62.000 0.000 1.600
      vertex 62.000 1.600 1.600
      vertex 62.000 1.600 16.200
    endloop
  endfacet
  facet normal 2.3360e+01 0.0000e+00 0.0000e+00
    outer loop
      vertex 62.000 0.000 1.600
      vertex 62.000 1.600 16.200
      vertex 62.000 0.000 16.200
    endloop
  endfacet
  facet normal 0.0000e+00 1.7520e+02 0.0000e+00
    outer loop
      vertex 62.000 1.600 1.600
      vertex 50.000 1.600 1.600
      vertex 50.000 1.600 16.200
    endloop
  endfacet
  facet normal 0.0000e+00 1.7520e+02 -0.0000e+00
    outer loop
      vertex 62.000 1.600 1.600
      vertex 50.000 1.600 16.200
      vertex 62.000 1.600 16.200
    endloop
  endfacet
  facet normal -2.3360e+01 0.0000e+00 0.0000e+00
    outer loop
      vertex 50.000 1.600 1.600
      vertex 50.000 0.000 1.600
      vertex 50.000 0.000 16.200
    endloop
  endfacet
  facet normal -2.3360e+01 0.0000e+00 0.0000e+00
    outer loop
      vertex 50.000 1.600 1.600
      vertex 50.000 0.000 16.200
      vertex 50.000 1.600 16.200
    endloop
  endfacet
  facet normal 0.0000e+00 0.0000e+00 -1.6000e+01
    outer loop
      vertex 62.000 0.000 1.600
      vertex 62.000 1.600 1.600
      vertex 72.000 1.600 1.600
    endloop
  endfacet
  facet normal 0.0000e+00 0.0000e+00 -1.6000e+01
    outer loop
      vertex 62.000 0.000 1.600
      vertex 72.000 1.600 1.600
      vertex 72.000 0.000 1.600
    endloop
  endfacet
  facet normal 0.0000e+00 0.0000e+00 1.6000e+01
    outer loop
      vertex 62.000 0.000 7.600
      vertex 72.000 0.000 7.600
      vertex 72.000 1.600 7.600
    endloop
  endfacet
  facet normal 0.0000e+00 0.0000e+00 1.6000e+01
    outer loop
      vertex 62.000 0.000 7.600
      vertex 72.000 1.600 7.600
      vertex 62.000 1.600 7.600
    endloop
  endfacet
  facet normal 0.0000e+00 -6.0000e+01 0.0000e+00
    outer loop
      vertex 62.000 0.000 1.600
      vertex 72.000 0.000 1.600
      vertex 72.000 0.000 7.600
    endloop
  endfacet
  facet normal 0.0000e+00 -6.0000e+01 0.0000e+00
    outer loop
      vertex 62.000 0.000 1.600
      vertex 72.000 0.000 7.600
      vertex 62.000 0.000 7.600
    endloop
  endfacet
  facet normal 9.6000e+00 0.0000e+00 0.0000e+00
    outer loop
      vertex 72.000 0.000 1.600
      vertex 72.000 1.600 1.600
      vertex 72.000 1.600 7.600
    endloop
  endfacet
  facet normal 9.6000e+00 0.0000e+00 0.0000e+00
    outer loop
      vertex 72.000 0.000 1.600
      vertex 72.000 1.600 7.600
      vertex 72.000 0.000 7.600
    endloop
  endfacet
  facet normal 0.0000e+00 6.0000e+01 0.0000e+00
    outer loop
      vertex 72.000 1.600 1.600
      vertex 62.000 1.600 1.600
      vertex 62.000 1.600 7.600
    endloop
  endfacet
  facet normal 0.0000e+00 6.0000e+01 -0.0000e+00
    outer loop
      vertex 72.000 1.600 1.600
      vertex 62.000 1.600 7.600
      vertex 72.000 1.600 7.600
    endloop
  endfacet
  facet normal -9.6000e+00 0.0000e+00 0.0000e+00
    outer loop
      vertex 62.000 1.600 1.600
      vertex 62.000 0.000 1.600
      vertex 62.000 0.000 7.600
    endloop
  endfacet
  facet normal -9.6000e+00 0.0000e+00 0.0000e+00
    outer loop
      vertex 62.000 1.600 1.600
      vertex 62.000 0.000 7.600
      vertex 62.000 1.600 7.600
    endloop
  endfacet
  facet normal 0.0000e+00 0.0000e+00 -1.6000e+01
    outer loop
      vertex 62.000 0.000 9.800
      vertex 62.000 1.600 9.800
      vertex 72.000 1.600 9.800
    endloop
  endfacet
  facet normal 0.0000e+00 0.0000e+00 -1.6000e+01
    outer loop
      vertex 62.000 0.000 9.800
      vertex 72.000 1.600 9.800
      vertex 72.000 0.000 9.800
    endloop
  endfacet
  facet normal 0.0000e+00 0.0000e+00 1.6000e+01
    outer loop
      vertex 62.000 0.000 16.200
      vertex 72.000 0.000 16.200
      vertex 72.000 1.600 16.200
    endloop
  endfacet
  facet normal 0.0000e+00 0.0000e+00 1.6000e+01
    outer loop
      vertex 62.000 0.000 16.200
      vertex 72.000 1.600 16.200
      vertex 62.000 1.600 16.200
    endloop
  endfacet
  facet normal 0.0000e+00 -6.4000e+01 0.0000e+00
    outer loop
      vertex 62.000 0.000 9.800
      vertex 72.000 0.000 9.800
      vertex 72.000 0.000 16.200
    endloop
  endfacet
  facet normal 0.0000e+00 -6.4000e+01 0.0000e+00
    outer loop
      vertex 62.000 0.000 9.800
      vertex 72.000 0.000 16.200
      vertex 62.000 0.000 16.200
    endloop
  endfacet
  facet normal 1.0240e+01 0.0000e+00 0.0000e+00
    outer loop
      vertex 72.000 0.000 9.800
      vertex 72.000 1.600 9.800
      vertex 72.000 1.600 16.200
    endloop
  endfacet
  facet normal 1.0240e+01 0.0000e+00 0.0000e+00
    outer loop
      vertex 72.000 0.000 9.800
      vertex 72.000 1.600 16.200
      vertex 72.000 0.000 16.200
    endloop
  endfacet
  facet normal 0.0000e+00 6.4000e+01 0.0000e+00
    outer loop
      vertex 72.000 1.600 9.800
      vertex 62.000 1.600 9.800
      vertex 62.000 1.600 16.200
    endloop
  endfacet
  facet normal 0.0000e+00 6.4000e+01 -0.0000e+00
    outer loop
      vertex 72.000 1.600 9.800
      vertex 62.000 1.600 16.200
      vertex 72.000 1.600 16.200
    endloop
  endfacet
  facet normal -1.0240e+01 0.0000e+00 0.0000e+00
    outer loop
      vertex 62.000 1.600 9.800
      vertex 62.000 0.000 9.800
      vertex 62.000 0.000 16.200
    endloop
  endfacet
  facet normal -1.0240e+01 0.0000e+00 0.0000e+00
    outer loop
      vertex 62.000 1.600 9.800
      vertex 62.000 0.000 16.200
      vertex 62.000 1.600 16.200
    endloop
  endfacet
  facet normal 0.0000e+00 0.0000e+00 -1.5360e+01
    outer loop
      vertex 72.000 0.000 1.600
      vertex 72.000 1.600 1.600
      vertex 81.600 1.600 1.600
    endloop
  endfacet
  facet normal 0.0000e+00 0.0000e+00 -1.5360e+01
    outer loop
      vertex 72.000 0.000 1.600
      vertex 81.600 1.600 1.600
      vertex 81.600 0.000 1.600
    endloop
  endfacet
  facet normal 0.0000e+00 0.0000e+00 1.5360e+01
    outer loop
      vertex 72.000 0.000 5.800
      vertex 81.600 0.000 5.800
      vertex 81.600 1.600 5.800
    endloop
  endfacet
  facet normal 0.0000e+00 0.0000e+00 1.5360e+01
    outer loop
      vertex 72.000 0.000 5.800
      vertex 81.600 1.600 5.800
      vertex 72.000 1.600 5.800
    endloop
  endfacet
  facet normal 0.0000e+00 -4.0320e+01 0.0000e+00
    outer loop
      vertex 72.000 0.000 1.600
      vertex 81.600 0.000 1.600
      vertex 81.600 0.000 5.800
    endloop
  endfacet
  facet normal 0.0000e+00 -4.0320e+01 0.0000e+00
    outer loop
      vertex 72.000 0.000 1.600
      vertex 81.600 0.000 5.800
      vertex 72.000 0.000 5.800
    endloop
  endfacet
  facet normal 6.7200e+00 0.0000e+00 0.0000e+00
    outer loop
      vertex 81.600 0.000 1.600
      vertex 81.600 1.600 1.600
      vertex 81.600 1.600 5.800
    endloop
  endfacet
  facet normal 6.7200e+00 0.0000e+00 0.0000e+00
    outer loop
      vertex 81.600 0.000 1.600
      vertex 81.600 1.600 5.800
      vertex 81.600 0.000 5.800
    endloop
  endfacet
  facet normal 0.0000e+00 4.0320e+01 0.0000e+00
    outer loop
      vertex 81.600 1.600 1.600
      vertex 72.000 1.600 1.600
      vertex 72.000 1.600 5.800
    endloop
  endfacet
  facet normal 0.0000e+00 4.0320e+01 -0.0000e+00
    outer loop
      vertex 81.600 1.600 1.600
      vertex 72.000 1.600 5.800
      vertex 81.600 1.600 5.800
    endloop
  endfacet
  facet normal -6.7200e+00 0.0000e+00 0.0000e+00
    outer loop
      vertex 72.000 1.600 1.600
      vertex 72.000 0.000 1.600
      vertex 72.000 0.000 5.800
    endloop
  endfacet
  facet normal -6.7200e+00 0.0000e+00 0.0000e+00
    outer loop
      vertex 72.000 1.600 1.600
      vertex 72.000 0.000 5.800
      vertex 72.000 1.600 5.800
    endloop
  endfacet
  facet normal 0.0000e+00 0.0000e+00 -1.5360e+01
    outer loop
      vertex 72.000 0.000 9.600
      vertex 72.000 1.600 9.600
      vertex 81.600 1.600 9.600
    endloop
  endfacet
  facet normal 0.0000e+00 0.0000e+00 -1.5360e+01
    outer loop
      vertex 72.000 0.000 9.600
      vertex 81.600 1.600 9.600
      vertex 81.600 0.000 9.600
    endloop
  endfacet
  facet normal 0.0000e+00 0.0000e+00 1.5360e+01
    outer loop
      vertex 72.000 0.000 16.200
      vertex 81.600 0.000 16.200
      vertex 81.600 1.600 16.200
    endloop
  endfacet
  facet normal 0.0000e+00 0.0000e+00 1.5360e+01
    outer loop
      vertex 72.000 0.000 16.200
      vertex 81.600 1.600 16.200
      vertex 72.000 1.600 16.200
    endloop
  endfacet
  facet normal 0.0000e+00 -6.3360e+01 0.0000e+00
    outer loop
      vertex 72.000 0.000 9.600
      vertex 81.600 0.000 9.600
      vertex 81.600 0.000 16.200
    endloop
  endfacet
  facet normal 0.0000e+00 -6.3360e+01 0.0000e+00
    outer loop
      vertex 72.000 0.000 9.600
      vertex 81.600 0.000 16.200
      vertex 72.000 0.000 16.200
    endloop
  endfacet
  facet normal 1.0560e+01 0.0000e+00 0.0000e+00
    outer loop
      vertex 81.600 0.000 9.600
      vertex 81.600 1.600 9.600
      vertex 81.600 1.600 16.200
    endloop
  endfacet
  facet normal 1.0560e+01 0.0000e+00 0.0000e+00
    outer loop
      vertex 81.600 0.000 9.600
      vertex 81.600 1.600 16.200
      vertex 81.600 0.000 16.200
    endloop
  endfacet
  facet normal 0.0000e+00 6.3360e+01 0.0000e+00
    outer loop
      vertex 81.600 1.600 9.600
      vertex 72.000 1.600 9.600
      vertex 72.000 1.600 16.200
    endloop
  endfacet
  facet normal 0.0000e+00 6.3360e+01 -0.0000e+00
    outer loop
      vertex 81.600 1.600 9.600
      vertex 72.000 1.600 16.200
      vertex 81.600 1.600 16.200
    endloop
  endfacet
  facet normal -1.0560e+01 0.0000e+00 0.0000e+00
    outer loop
      vertex 72.000 1.600 9.600
      vertex 72.000 0.000 9.600
      vertex 72.000 0.000 16.200
    endloop
  endfacet
  facet normal -1.0560e+01 0.0000e+00 0.0000e+00
    outer loop
      vertex 72.000 1.600 9.600
      vertex 72.000 0.000 16.200
      vertex 72.000 1.600 16.200
    endloop
  endfacet
  facet normal 0.0000e+00 0.0000e+00 -4.2240e+01
    outer loop
      vertex 81.600 0.000 1.600
      vertex 81.600 1.600 1.600
      vertex 108.000 1.600 1.600
    endloop
  endfacet
  facet normal 0.0000e+00 0.0000e+00 -4.2240e+01
    outer loop
      vertex 81.600 0.000 1.600
      vertex 108.000 1.600 1.600
      vertex 108.000 0.000 1.600
    endloop
  endfacet
  facet normal 0.0000e+00 0.0000e+00 4.2240e+01
    outer loop
      vertex 81.600 0.000 16.200
      vertex 108.000 0.000 16.200
      vertex 108.000 1.600 16.200
    endloop
  endfacet
  facet normal 0.0000e+00 0.0000e+00 4.2240e+01
    outer loop
      vertex 81.600 0.000 16.200
      vertex 108.000 1.600 16.200
      vertex 81.600 1.600 16.200
    endloop
  endfacet
  facet normal 0.0000e+00 -3.8544e+02 0.0000e+00
    outer loop
      vertex 81.600 0.000 1.600
      vertex 108.000 0.000 1.600
      vertex 108.000 0.000 16.200
    endloop
  endfacet
  facet normal 0.0000e+00 -3.8544e+02 0.0000e+00
    outer loop
      vertex 81.600 0.000 1.600
      vertex 108.000 0.000 16.200
      vertex 81.600 0.000 16.200
    endloop
  endfacet
  facet normal 2.3360e+01 0.0000e+00 0.0000e+00
    outer loop
      vertex 108.000 0.000 1.600
      vertex 108.000 1.600 1.600
      vertex 108.000 1.600 16.200
    endloop
  endfacet
  facet normal 2.3360e+01 0.0000e+00 0.0000e+00
    outer loop
      vertex 108.000 0.000 1.600
      vertex 108.000 1.600 16.200
      vertex 108.000 0.000 16.200
    endloop
  endfacet
  facet normal 0.0000e+00 3.8544e+02 0.0000e+00
    outer loop
      vertex 108.000 1.600 1.600
      vertex 81.600 1.600 1.600
      vertex 81.600 1.600 16.200
    endloop
  endfacet
  facet normal 0.0000e+00 3.8544e+02 -0.0000e+00
    outer loop
      vertex 108.000 1.600 1.600
      vertex 81.600 1.600 16.200
      vertex 108.000 1.600 16.200
    endloop
  endfacet
  facet normal -2.3360e+01 0.0000e+00 0.0000e+00
    outer loop
      vertex 81.600 1.600 1.600
      vertex 81.600 0.000 1.600
      vertex 81.600 0.000 16.200
    endloop
  endfacet
  facet normal -2.3360e+01 0.0000e+00 0.0000e+00
    outer loop
      vertex 81.600 1.600 1.600
      vertex 81.600 0.000 16.200
      vertex 81.600 1.600 16.200
    endloop
  endfacet
  facet normal 0.0000e+00 0.0000e+00 -2.8800e+01
    outer loop
      vertex 0.000 54.400 1.600
      vertex 0.000 56.000 1.600
      vertex 18.000 56.000 1.600
    endloop
  endfacet
  facet normal 0.0000e+00 0.0000e+00 -2.8800e+01
    outer loop
      vertex 0.000 54.400 1.600
      vertex 18.000 56.000 1.600
      vertex 18.000 54.400 1.600
    endloop
  endfacet
  facet normal 0.0000e+00 0.0000e+00 2.8800e+01
    outer loop
      vertex 0.000 54.400 16.200
      vertex 18.000 54.400 16.200
      vertex 18.000 56.000 16.200
    endloop
  endfacet
  facet normal 0.0000e+00 0.0000e+00 2.8800e+01
    outer loop
      vertex 0.000 54.400 16.200
      vertex 18.000 56.000 16.200
      vertex 0.000 56.000 16.200
    endloop
  endfacet
  facet normal 0.0000e+00 -2.6280e+02 0.0000e+00
    outer loop
      vertex 0.000 54.400 1.600
      vertex 18.000 54.400 1.600
      vertex 18.000 54.400 16.200
    endloop
  endfacet
  facet normal 0.0000e+00 -2.6280e+02 0.0000e+00
    outer loop
      vertex 0.000 54.400 1.600
      vertex 18.000 54.400 16.200
      vertex 0.000 54.400 16.200
    endloop
  endfacet
  facet normal 2.3360e+01 0.0000e+00 0.0000e+00
    outer loop
      vertex 18.000 54.400 1.600
      vertex 18.000 56.000 1.600
      vertex 18.000 56.000 16.200
    endloop
  endfacet
  facet normal 2.3360e+01 0.0000e+00 0.0000e+00
    outer loop
      vertex 18.000 54.400 1.600
      vertex 18.000 56.000 16.200
      vertex 18.000 54.400 16.200
    endloop
  endfacet
  facet normal 0.0000e+00 2.6280e+02 0.0000e+00
    outer loop
      vertex 18.000 56.000 1.600
      vertex 0.000 56.000 1.600
      vertex 0.000 56.000 16.200
    endloop
  endfacet
  facet normal 0.0000e+00 2.6280e+02 -0.0000e+00
    outer loop
      vertex 18.000 56.000 1.600
      vertex 0.000 56.000 16.200
      vertex 18.000 56.000 16.200
    endloop
  endfacet
  facet normal -2.3360e+01 0.0000e+00 0.0000e+00
    outer loop
      vertex 0.000 56.000 1.600
      vertex 0.000 54.400 1.600
      vertex 0.000 54.400 16.200
    endloop
  endfacet
  facet normal -2.3360e+01 0.0000e+00 0.0000e+00
    outer loop
      vertex 0.000 56.000 1.600
      vertex 0.000 54.400 16.200
      vertex 0.000 56.000 16.200
    endloop
  endfacet
  facet normal 0.0000e+00 0.0000e+00 -1.6000e+01
    outer loop
      vertex 18.000 54.400 1.600
      vertex 18.000 56.000 1.600
      vertex 28.000 56.000 1.600
    endloop
  endfacet
  facet normal 0.0000e+00 0.0000e+00 -1.6000e+01
    outer loop
      vertex 18.000 54.400 1.600
      vertex 28.000 56.000 1.600
      vertex 28.000 54.400 1.600
    endloop
  endfacet
  facet normal 0.0000e+00 0.0000e+00 1.6000e+01
    outer loop
      vertex 18.000 54.400 7.600
      vertex 28.000 54.400 7.600
      vertex 28.000 56.000 7.600
    endloop
  endfacet
  facet normal 0.0000e+00 0.0000e+00 1.6000e+01
    outer loop
      vertex 18.000 54.400 7.600
      vertex 28.000 56.000 7.600
      vertex 18.000 56.000 7.600
    endloop
  endfacet
  facet normal 0.0000e+00 -6.0000e+01 0.0000e+00
    outer loop
      vertex 18.000 54.400 1.600
      vertex 28.000 54.400 1.600
      vertex 28.000 54.400 7.600
    endloop
  endfacet
  facet normal 0.0000e+00 -6.0000e+01 0.0000e+00
    outer loop
      vertex 18.000 54.400 1.600
      vertex 28.000 54.400 7.600
      vertex 18.000 54.400 7.600
    endloop
  endfacet
  facet normal 9.6000e+00 0.0000e+00 0.0000e+00
    outer loop
      vertex 28.000 54.400 1.600
      vertex 28.000 56.000 1.600
      vertex 28.000 56.000 7.600
    endloop
  endfacet
  facet normal 9.6000e+00 0.0000e+00 0.0000e+00
    outer loop
      vertex 28.000 54.400 1.600
      vertex 28.000 56.000 7.600
      vertex 28.000 54.400 7.600
    endloop
  endfacet
  facet normal 0.0000e+00 6.0000e+01 0.0000e+00
    outer loop
      vertex 28.000 56.000 1.600
      vertex 18.000 56.000 1.600
      vertex 18.000 56.000 7.600
    endloop
  endfacet
  facet normal 0.0000e+00 6.0000e+01 -0.0000e+00
    outer loop
      vertex 28.000 56.000 1.600
      vertex 18.000 56.000 7.600
      vertex 28.000 56.000 7.600
    endloop
  endfacet
  facet normal -9.6000e+00 0.0000e+00 0.0000e+00
    outer loop
      vertex 18.000 56.000 1.600
      vertex 18.000 54.400 1.600
      vertex 18.000 54.400 7.600
    endloop
  endfacet
  facet normal -9.6000e+00 0.0000e+00 0.0000e+00
    outer loop
      vertex 18.000 56.000 1.600
      vertex 18.000 54.400 7.600
      vertex 18.000 56.000 7.600
    endloop
  endfacet
  facet normal 0.0000e+00 0.0000e+00 -1.6000e+01
    outer loop
      vertex 18.000 54.400 9.800
      vertex 18.000 56.000 9.800
      vertex 28.000 56.000 9.800
    endloop
  endfacet
  facet normal 0.0000e+00 0.0000e+00 -1.6000e+01
    outer loop
      vertex 18.000 54.400 9.800
      vertex 28.000 56.000 9.800
      vertex 28.000 54.400 9.800
    endloop
  endfacet
  facet normal 0.0000e+00 0.0000e+00 1.6000e+01
    outer loop
      vertex 18.000 54.400 16.200
      vertex 28.000 54.400 16.200
      vertex 28.000 56.000 16.200
    endloop
  endfacet
  facet normal 0.0000e+00 0.0000e+00 1.6000e+01
    outer loop
      vertex 18.000 54.400 16.200
      vertex 28.000 56.000 16.200
      vertex 18.000 56.000 16.200
    endloop
  endfacet
  facet normal 0.0000e+00 -6.4000e+01 0.0000e+00
    outer loop
      vertex 18.000 54.400 9.800
      vertex 28.000 54.400 9.800
      vertex 28.000 54.400 16.200
    endloop
  endfacet
  facet normal 0.0000e+00 -6.4000e+01 0.0000e+00
    outer loop
      vertex 18.000 54.400 9.800
      vertex 28.000 54.400 16.200
      vertex 18.000 54.400 16.200
    endloop
  endfacet
  facet normal 1.0240e+01 0.0000e+00 0.0000e+00
    outer loop
      vertex 28.000 54.400 9.800
      vertex 28.000 56.000 9.800
      vertex 28.000 56.000 16.200
    endloop
  endfacet
  facet normal 1.0240e+01 0.0000e+00 0.0000e+00
    outer loop
      vertex 28.000 54.400 9.800
      vertex 28.000 56.000 16.200
      vertex 28.000 54.400 16.200
    endloop
  endfacet
  facet normal 0.0000e+00 6.4000e+01 0.0000e+00
    outer loop
      vertex 28.000 56.000 9.800
      vertex 18.000 56.000 9.800
      vertex 18.000 56.000 16.200
    endloop
  endfacet
  facet normal 0.0000e+00 6.4000e+01 -0.0000e+00
    outer loop
      vertex 28.000 56.000 9.800
      vertex 18.000 56.000 16.200
      vertex 28.000 56.000 16.200
    endloop
  endfacet
  facet normal -1.0240e+01 0.0000e+00 0.0000e+00
    outer loop
      vertex 18.000 56.000 9.800
      vertex 18.000 54.400 9.800
      vertex 18.000 54.400 16.200
    endloop
  endfacet
  facet normal -1.0240e+01 0.0000e+00 0.0000e+00
    outer loop
      vertex 18.000 56.000 9.800
      vertex 18.000 54.400 16.200
      vertex 18.000 56.000 16.200
    endloop
  endfacet
  facet normal 0.0000e+00 0.0000e+00 -1.9200e+01
    outer loop
      vertex 28.000 54.400 1.600
      vertex 28.000 56.000 1.600
      vertex 40.000 56.000 1.600
    endloop
  endfacet
  facet normal 0.0000e+00 0.0000e+00 -1.9200e+01
    outer loop
      vertex 28.000 54.400 1.600
      vertex 40.000 56.000 1.600
      vertex 40.000 54.400 1.600
    endloop
  endfacet
  facet normal 0.0000e+00 0.0000e+00 1.9200e+01
    outer loop
      vertex 28.000 54.400 16.200
      vertex 40.000 54.400 16.200
      vertex 40.000 56.000 16.200
    endloop
  endfacet
  facet normal 0.0000e+00 0.0000e+00 1.9200e+01
    outer loop
      vertex 28.000 54.400 16.200
      vertex 40.000 56.000 16.200
      vertex 28.000 56.000 16.200
    endloop
  endfacet
  facet normal 0.0000e+00 -1.7520e+02 0.0000e+00
    outer loop
      vertex 28.000 54.400 1.600
      vertex 40.000 54.400 1.600
      vertex 40.000 54.400 16.200
    endloop
  endfacet
  facet normal 0.0000e+00 -1.7520e+02 0.0000e+00
    outer loop
      vertex 28.000 54.400 1.600
      vertex 40.000 54.400 16.200
      vertex 28.000 54.400 16.200
    endloop
  endfacet
  facet normal 2.3360e+01 0.0000e+00 0.0000e+00
    outer loop
      vertex 40.000 54.400 1.600
      vertex 40.000 56.000 1.600
      vertex 40.000 56.000 16.200
    endloop
  endfacet
  facet normal 2.3360e+01 0.0000e+00 0.0000e+00
    outer loop
      vertex 40.000 54.400 1.600
      vertex 40.000 56.000 16.200
      vertex 40.000 54.400 16.200
    endloop
  endfacet
  facet normal 0.0000e+00 1.7520e+02 0.0000e+00
    outer loop
      vertex 40.000 56.000 1.600
      vertex 28.000 56.000 1.600
      vertex 28.000 56.000 16.200
    endloop
  endfacet
  facet normal 0.0000e+00 1.7520e+02 -0.0000e+00
    outer loop
      vertex 40.000 56.000 1.600
      vertex 28.000 56.000 16.200
      vertex 40.000 56.000 16.200
    endloop
  endfacet
  facet normal -2.3360e+01 0.0000e+00 0.0000e+00
    outer loop
      vertex 28.000 56.000 1.600
      vertex 28.000 54.400 1.600
      vertex 28.000 54.400 16.200
    endloop
  endfacet
  facet normal -2.3360e+01 0.0000e+00 0.0000e+00
    outer loop
      vertex 28.000 56.000 1.600
      vertex 28.000 54.400 16.200
      vertex 28.000 56.000 16.200
    endloop
  endfacet
  facet normal 0.0000e+00 0.0000e+00 -1.6000e+01
    outer loop
      vertex 40.000 54.400 1.600
      vertex 40.000 56.000 1.600
      vertex 50.000 56.000 1.600
    endloop
  endfacet
  facet normal 0.0000e+00 0.0000e+00 -1.6000e+01
    outer loop
      vertex 40.000 54.400 1.600
      vertex 50.000 56.000 1.600
      vertex 50.000 54.400 1.600
    endloop
  endfacet
  facet normal 0.0000e+00 0.0000e+00 1.6000e+01
    outer loop
      vertex 40.000 54.400 7.600
      vertex 50.000 54.400 7.600
      vertex 50.000 56.000 7.600
    endloop
  endfacet
  facet normal 0.0000e+00 0.0000e+00 1.6000e+01
    outer loop
      vertex 40.000 54.400 7.600
      vertex 50.000 56.000 7.600
      vertex 40.000 56.000 7.600
    endloop
  endfacet
  facet normal 0.0000e+00 -6.0000e+01 0.0000e+00
    outer loop
      vertex 40.000 54.400 1.600
      vertex 50.000 54.400 1.600
      vertex 50.000 54.400 7.600
    endloop
  endfacet
  facet normal 0.0000e+00 -6.0000e+01 0.0000e+00
    outer loop
      vertex 40.000 54.400 1.600
      vertex 50.000 54.400 7.600
      vertex 40.000 54.400 7.600
    endloop
  endfacet
  facet normal 9.6000e+00 0.0000e+00 0.0000e+00
    outer loop
      vertex 50.000 54.400 1.600
      vertex 50.000 56.000 1.600
      vertex 50.000 56.000 7.600
    endloop
  endfacet
  facet normal 9.6000e+00 0.0000e+00 0.0000e+00
    outer loop
      vertex 50.000 54.400 1.600
      vertex 50.000 56.000 7.600
      vertex 50.000 54.400 7.600
    endloop
  endfacet
  facet normal 0.0000e+00 6.0000e+01 0.0000e+00
    outer loop
      vertex 50.000 56.000 1.600
      vertex 40.000 56.000 1.600
      vertex 40.000 56.000 7.600
    endloop
  endfacet
  facet normal 0.0000e+00 6.0000e+01 -0.0000e+00
    outer loop
      vertex 50.000 56.000 1.600
      vertex 40.000 56.000 7.600
      vertex 50.000 56.000 7.600
    endloop
  endfacet
  facet normal -9.6000e+00 0.0000e+00 0.0000e+00
    outer loop
      vertex 40.000 56.000 1.600
      vertex 40.000 54.400 1.600
      vertex 40.000 54.400 7.600
    endloop
  endfacet
  facet normal -9.6000e+00 0.0000e+00 0.0000e+00
    outer loop
      vertex 40.000 56.000 1.600
      vertex 40.000 54.400 7.600
      vertex 40.000 56.000 7.600
    endloop
  endfacet
  facet normal 0.0000e+00 0.0000e+00 -1.6000e+01
    outer loop
      vertex 40.000 54.400 9.800
      vertex 40.000 56.000 9.800
      vertex 50.000 56.000 9.800
    endloop
  endfacet
  facet normal 0.0000e+00 0.0000e+00 -1.6000e+01
    outer loop
      vertex 40.000 54.400 9.800
      vertex 50.000 56.000 9.800
      vertex 50.000 54.400 9.800
    endloop
  endfacet
  facet normal 0.0000e+00 0.0000e+00 1.6000e+01
    outer loop
      vertex 40.000 54.400 16.200
      vertex 50.000 54.400 16.200
      vertex 50.000 56.000 16.200
    endloop
  endfacet
  facet normal 0.0000e+00 0.0000e+00 1.6000e+01
    outer loop
      vertex 40.000 54.400 16.200
      vertex 50.000 56.000 16.200
      vertex 40.000 56.000 16.200
    endloop
  endfacet
  facet normal 0.0000e+00 -6.4000e+01 0.0000e+00
    outer loop
      vertex 40.000 54.400 9.800
      vertex 50.000 54.400 9.800
      vertex 50.000 54.400 16.200
    endloop
  endfacet
  facet normal 0.0000e+00 -6.4000e+01 0.0000e+00
    outer loop
      vertex 40.000 54.400 9.800
      vertex 50.000 54.400 16.200
      vertex 40.000 54.400 16.200
    endloop
  endfacet
  facet normal 1.0240e+01 0.0000e+00 0.0000e+00
    outer loop
      vertex 50.000 54.400 9.800
      vertex 50.000 56.000 9.800
      vertex 50.000 56.000 16.200
    endloop
  endfacet
  facet normal 1.0240e+01 0.0000e+00 0.0000e+00
    outer loop
      vertex 50.000 54.400 9.800
      vertex 50.000 56.000 16.200
      vertex 50.000 54.400 16.200
    endloop
  endfacet
  facet normal 0.0000e+00 6.4000e+01 0.0000e+00
    outer loop
      vertex 50.000 56.000 9.800
      vertex 40.000 56.000 9.800
      vertex 40.000 56.000 16.200
    endloop
  endfacet
  facet normal 0.0000e+00 6.4000e+01 -0.0000e+00
    outer loop
      vertex 50.000 56.000 9.800
      vertex 40.000 56.000 16.200
      vertex 50.000 56.000 16.200
    endloop
  endfacet
  facet normal -1.0240e+01 0.0000e+00 0.0000e+00
    outer loop
      vertex 40.000 56.000 9.800
      vertex 40.000 54.400 9.800
      vertex 40.000 54.400 16.200
    endloop
  endfacet
  facet normal -1.0240e+01 0.0000e+00 0.0000e+00
    outer loop
      vertex 40.000 56.000 9.800
      vertex 40.000 54.400 16.200
      vertex 40.000 56.000 16.200
    endloop
  endfacet
  facet normal 0.0000e+00 0.0000e+00 -1.9200e+01
    outer loop
      vertex 50.000 54.400 1.600
      vertex 50.000 56.000 1.600
      vertex 62.000 56.000 1.600
    endloop
  endfacet
  facet normal 0.0000e+00 0.0000e+00 -1.9200e+01
    outer loop
      vertex 50.000 54.400 1.600
      vertex 62.000 56.000 1.600
      vertex 62.000 54.400 1.600
    endloop
  endfacet
  facet normal 0.0000e+00 0.0000e+00 1.9200e+01
    outer loop
      vertex 50.000 54.400 16.200
      vertex 62.000 54.400 16.200
      vertex 62.000 56.000 16.200
    endloop
  endfacet
  facet normal 0.0000e+00 0.0000e+00 1.9200e+01
    outer loop
      vertex 50.000 54.400 16.200
      vertex 62.000 56.000 16.200
      vertex 50.000 56.000 16.200
    endloop
  endfacet
  facet normal 0.0000e+00 -1.7520e+02 0.0000e+00
    outer loop
      vertex 50.000 54.400 1.600
      vertex 62.000 54.400 1.600
      vertex 62.000 54.400 16.200
    endloop
  endfacet
  facet normal 0.0000e+00 -1.7520e+02 0.0000e+00
    outer loop
      vertex 50.000 54.400 1.600
      vertex 62.000 54.400 16.200
      vertex 50.000 54.400 16.200
    endloop
  endfacet
  facet normal 2.3360e+01 0.0000e+00 0.0000e+00
    outer loop
      vertex 62.000 54.400 1.600
      vertex 62.000 56.000 1.600
      vertex 62.000 56.000 16.200
    endloop
  endfacet
  facet normal 2.3360e+01 0.0000e+00 0.0000e+00
    outer loop
      vertex 62.000 54.400 1.600
      vertex 62.000 56.000 16.200
      vertex 62.000 54.400 16.200
    endloop
  endfacet
  facet normal 0.0000e+00 1.7520e+02 0.0000e+00
    outer loop
      vertex 62.000 56.000 1.600
      vertex 50.000 56.000 1.600
      vertex 50.000 56.000 16.200
    endloop
  endfacet
  facet normal 0.0000e+00 1.7520e+02 -0.0000e+00
    outer loop
      vertex 62.000 56.000 1.600
      vertex 50.000 56.000 16.200
      vertex 62.000 56.000 16.200
    endloop
  endfacet
  facet normal -2.3360e+01 0.0000e+00 0.0000e+00
    outer loop
      vertex 50.000 56.000 1.600
      vertex 50.000 54.400 1.600
      vertex 50.000 54.400 16.200
    endloop
  endfacet
  facet normal -2.3360e+01 0.0000e+00 0.0000e+00
    outer loop
      vertex 50.000 56.000 1.600
      vertex 50.000 54.400 16.200
      vertex 50.000 56.000 16.200
    endloop
  endfacet
  facet normal 0.0000e+00 0.0000e+00 -1.6000e+01
    outer loop
      vertex 62.000 54.400 1.600
      vertex 62.000 56.000 1.600
      vertex 72.000 56.000 1.600
    endloop
  endfacet
  facet normal 0.0000e+00 0.0000e+00 -1.6000e+01
    outer loop
      vertex 62.000 54.400 1.600
      vertex 72.000 56.000 1.600
      vertex 72.000 54.400 1.600
    endloop
  endfacet
  facet normal 0.0000e+00 0.0000e+00 1.6000e+01
    outer loop
      vertex 62.000 54.400 7.600
      vertex 72.000 54.400 7.600
      vertex 72.000 56.000 7.600
    endloop
  endfacet
  facet normal 0.0000e+00 0.0000e+00 1.6000e+01
    outer loop
      vertex 62.000 54.400 7.600
      vertex 72.000 56.000 7.600
      vertex 62.000 56.000 7.600
    endloop
  endfacet
  facet normal 0.0000e+00 -6.0000e+01 0.0000e+00
    outer loop
      vertex 62.000 54.400 1.600
      vertex 72.000 54.400 1.600
      vertex 72.000 54.400 7.600
    endloop
  endfacet
  facet normal 0.0000e+00 -6.0000e+01 0.0000e+00
    outer loop
      vertex 62.000 54.400 1.600
      vertex 72.000 54.400 7.600
      vertex 62.000 54.400 7.600
    endloop
  endfacet
  facet normal 9.6000e+00 0.0000e+00 0.0000e+00
    outer loop
      vertex 72.000 54.400 1.600
      vertex 72.000 56.000 1.600
      vertex 72.000 56.000 7.600
    endloop
  endfacet
  facet normal 9.6000e+00 0.0000e+00 0.0000e+00
    outer loop
      vertex 72.000 54.400 1.600
      vertex 72.000 56.000 7.600
      vertex 72.000 54.400 7.600
    endloop
  endfacet
  facet normal 0.0000e+00 6.0000e+01 0.0000e+00
    outer loop
      vertex 72.000 56.000 1.600
      vertex 62.000 56.000 1.600
      vertex 62.000 56.000 7.600
    endloop
  endfacet
  facet normal 0.0000e+00 6.0000e+01 -0.0000e+00
    outer loop
      vertex 72.000 56.000 1.600
      vertex 62.000 56.000 7.600
      vertex 72.000 56.000 7.600
    endloop
  endfacet
  facet normal -9.6000e+00 0.0000e+00 0.0000e+00
    outer loop
      vertex 62.000 56.000 1.600
      vertex 62.000 54.400 1.600
      vertex 62.000 54.400 7.600
    endloop
  endfacet
  facet normal -9.6000e+00 0.0000e+00 0.0000e+00
    outer loop
      vertex 62.000 56.000 1.600
      vertex 62.000 54.400 7.600
      vertex 62.000 56.000 7.600
    endloop
  endfacet
  facet normal 0.0000e+00 0.0000e+00 -1.6000e+01
    outer loop
      vertex 62.000 54.400 9.800
      vertex 62.000 56.000 9.800
      vertex 72.000 56.000 9.800
    endloop
  endfacet
  facet normal 0.0000e+00 0.0000e+00 -1.6000e+01
    outer loop
      vertex 62.000 54.400 9.800
      vertex 72.000 56.000 9.800
      vertex 72.000 54.400 9.800
    endloop
  endfacet
  facet normal 0.0000e+00 0.0000e+00 1.6000e+01
    outer loop
      vertex 62.000 54.400 16.200
      vertex 72.000 54.400 16.200
      vertex 72.000 56.000 16.200
    endloop
  endfacet
  facet normal 0.0000e+00 0.0000e+00 1.6000e+01
    outer loop
      vertex 62.000 54.400 16.200
      vertex 72.000 56.000 16.200
      vertex 62.000 56.000 16.200
    endloop
  endfacet
  facet normal 0.0000e+00 -6.4000e+01 0.0000e+00
    outer loop
      vertex 62.000 54.400 9.800
      vertex 72.000 54.400 9.800
      vertex 72.000 54.400 16.200
    endloop
  endfacet
  facet normal 0.0000e+00 -6.4000e+01 0.0000e+00
    outer loop
      vertex 62.000 54.400 9.800
      vertex 72.000 54.400 16.200
      vertex 62.000 54.400 16.200
    endloop
  endfacet
  facet normal 1.0240e+01 0.0000e+00 0.0000e+00
    outer loop
      vertex 72.000 54.400 9.800
      vertex 72.000 56.000 9.800
      vertex 72.000 56.000 16.200
    endloop
  endfacet
  facet normal 1.0240e+01 0.0000e+00 0.0000e+00
    outer loop
      vertex 72.000 54.400 9.800
      vertex 72.000 56.000 16.200
      vertex 72.000 54.400 16.200
    endloop
  endfacet
  facet normal 0.0000e+00 6.4000e+01 0.0000e+00
    outer loop
      vertex 72.000 56.000 9.800
      vertex 62.000 56.000 9.800
      vertex 62.000 56.000 16.200
    endloop
  endfacet
  facet normal 0.0000e+00 6.4000e+01 -0.0000e+00
    outer loop
      vertex 72.000 56.000 9.800
      vertex 62.000 56.000 16.200
      vertex 72.000 56.000 16.200
    endloop
  endfacet
  facet normal -1.0240e+01 0.0000e+00 0.0000e+00
    outer loop
      vertex 62.000 56.000 9.800
      vertex 62.000 54.400 9.800
      vertex 62.000 54.400 16.200
    endloop
  endfacet
  facet normal -1.0240e+01 0.0000e+00 0.0000e+00
    outer loop
      vertex 62.000 56.000 9.800
      vertex 62.000 54.400 16.200
      vertex 62.000 56.000 16.200
    endloop
  endfacet
  facet normal 0.0000e+00 0.0000e+00 -5.7600e+01
    outer loop
      vertex 72.000 54.400 1.600
      vertex 72.000 56.000 1.600
      vertex 108.000 56.000 1.600
    endloop
  endfacet
  facet normal 0.0000e+00 0.0000e+00 -5.7600e+01
    outer loop
      vertex 72.000 54.400 1.600
      vertex 108.000 56.000 1.600
      vertex 108.000 54.400 1.600
    endloop
  endfacet
  facet normal 0.0000e+00 0.0000e+00 5.7600e+01
    outer loop
      vertex 72.000 54.400 16.200
      vertex 108.000 54.400 16.200
      vertex 108.000 56.000 16.200
    endloop
  endfacet
  facet normal 0.0000e+00 0.0000e+00 5.7600e+01
    outer loop
      vertex 72.000 54.400 16.200
      vertex 108.000 56.000 16.200
      vertex 72.000 56.000 16.200
    endloop
  endfacet
  facet normal 0.0000e+00 -5.2560e+02 0.0000e+00
    outer loop
      vertex 72.000 54.400 1.600
      vertex 108.000 54.400 1.600
      vertex 108.000 54.400 16.200
    endloop
  endfacet
  facet normal 0.0000e+00 -5.2560e+02 0.0000e+00
    outer loop
      vertex 72.000 54.400 1.600
      vertex 108.000 54.400 16.200
      vertex 72.000 54.400 16.200
    endloop
  endfacet
  facet normal 2.3360e+01 0.0000e+00 0.0000e+00
    outer loop
      vertex 108.000 54.400 1.600
      vertex 108.000 56.000 1.600
      vertex 108.000 56.000 16.200
    endloop
  endfacet
  facet normal 2.3360e+01 0.0000e+00 0.0000e+00
    outer loop
      vertex 108.000 54.400 1.600
      vertex 108.000 56.000 16.200
      vertex 108.000 54.400 16.200
    endloop
  endfacet
  facet normal 0.0000e+00 5.2560e+02 0.0000e+00
    outer loop
      vertex 108.000 56.000 1.600
      vertex 72.000 56.000 1.600
      vertex 72.000 56.000 16.200
    endloop
  endfacet
  facet normal 0.0000e+00 5.2560e+02 -0.0000e+00
    outer loop
      vertex 108.000 56.000 1.600
      vertex 72.000 56.000 16.200
      vertex 108.000 56.000 16.200
    endloop
  endfacet
  facet normal -2.3360e+01 0.0000e+00 0.0000e+00
    outer loop
      vertex 72.000 56.000 1.600
      vertex 72.000 54.400 1.600
      vertex 72.000 54.400 16.200
    endloop
  endfacet
  facet normal -2.3360e+01 0.0000e+00 0.0000e+00
    outer loop
      vertex 72.000 56.000 1.600
      vertex 72.000 54.400 16.200
      vertex 72.000 56.000 16.200
    endloop
  endfacet
  facet normal 0.0000e+00 0.0000e+00 -3.8440e+01
    outer loop
      vertex 2.400 2.400 1.600
      vertex 2.400 8.600 1.600
      vertex 8.600 8.600 1.600
    endloop
  endfacet
  facet normal 0.0000e+00 0.0000e+00 -3.8440e+01
    outer loop
      vertex 2.400 2.400 1.600
      vertex 8.600 8.600 1.600
      vertex 8.600 2.400 1.600
    endloop
  endfacet
  facet normal 0.0000e+00 0.0000e+00 3.8440e+01
    outer loop
      vertex 2.400 2.400 11.400
      vertex 8.600 2.400 11.400
      vertex 8.600 8.600 11.400
    endloop
  endfacet
  facet normal 0.0000e+00 0.0000e+00 3.8440e+01
    outer loop
      vertex 2.400 2.400 11.400
      vertex 8.600 8.600 11.400
      vertex 2.400 8.600 11.400
    endloop
  endfacet
  facet normal 0.0000e+00 -6.0760e+01 0.0000e+00
    outer loop
      vertex 2.400 2.400 1.600
      vertex 8.600 2.400 1.600
      vertex 8.600 2.400 11.400
    endloop
  endfacet
  facet normal 0.0000e+00 -6.0760e+01 0.0000e+00
    outer loop
      vertex 2.400 2.400 1.600
      vertex 8.600 2.400 11.400
      vertex 2.400 2.400 11.400
    endloop
  endfacet
  facet normal 6.0760e+01 0.0000e+00 0.0000e+00
    outer loop
      vertex 8.600 2.400 1.600
      vertex 8.600 8.600 1.600
      vertex 8.600 8.600 11.400
    endloop
  endfacet
  facet normal 6.0760e+01 0.0000e+00 0.0000e+00
    outer loop
      vertex 8.600 2.400 1.600
      vertex 8.600 8.600 11.400
      vertex 8.600 2.400 11.400
    endloop
  endfacet
  facet normal 0.0000e+00 6.0760e+01 0.0000e+00
    outer loop
      vertex 8.600 8.600 1.600
      vertex 2.400 8.600 1.600
      vertex 2.400 8.600 11.400
    endloop
  endfacet
  facet normal 0.0000e+00 6.0760e+01 -0.0000e+00
    outer loop
      vertex 8.600 8.600 1.600
      vertex 2.400 8.600 11.400
      vertex 8.600 8.600 11.400
    endloop
  endfacet
  facet normal -6.0760e+01 0.0000e+00 0.0000e+00
    outer loop
      vertex 2.400 8.600 1.600
      vertex 2.400 2.400 1.600
      vertex 2.400 2.400 11.400
    endloop
  endfacet
  facet normal -6.0760e+01 0.0000e+00 0.0000e+00
    outer loop
      vertex 2.400 8.600 1.600
      vertex 2.400 2.400 11.400
      vertex 2.400 8.600 11.400
    endloop
  endfacet
  facet normal 0.0000e+00 0.0000e+00 -8.0600e+00
    outer loop
      vertex 2.400 2.400 11.400
      vertex 2.400 8.600 11.400
      vertex 3.700 8.600 11.400
    endloop
  endfacet
  facet normal 0.0000e+00 0.0000e+00 -8.0600e+00
    outer loop
      vertex 2.400 2.400 11.400
      vertex 3.700 8.600 11.400
      vertex 3.700 2.400 11.400
    endloop
  endfacet
  facet normal 0.0000e+00 0.0000e+00 8.0600e+00
    outer loop
      vertex 2.400 2.400 15.600
      vertex 3.700 2.400 15.600
      vertex 3.700 8.600 15.600
    endloop
  endfacet
  facet normal 0.0000e+00 0.0000e+00 8.0600e+00
    outer loop
      vertex 2.400 2.400 15.600
      vertex 3.700 8.600 15.600
      vertex 2.400 8.600 15.600
    endloop
  endfacet
  facet normal 0.0000e+00 -5.4600e+00 0.0000e+00
    outer loop
      vertex 2.400 2.400 11.400
      vertex 3.700 2.400 11.400
      vertex 3.700 2.400 15.600
    endloop
  endfacet
  facet normal 0.0000e+00 -5.4600e+00 0.0000e+00
    outer loop
      vertex 2.400 2.400 11.400
      vertex 3.700 2.400 15.600
      vertex 2.400 2.400 15.600
    endloop
  endfacet
  facet normal 2.6040e+01 0.0000e+00 0.0000e+00
    outer loop
      vertex 3.700 2.400 11.400
      vertex 3.700 8.600 11.400
      vertex 3.700 8.600 15.600
    endloop
  endfacet
  facet normal 2.6040e+01 0.0000e+00 0.0000e+00
    outer loop
      vertex 3.700 2.400 11.400
      vertex 3.700 8.600 15.600
      vertex 3.700 2.400 15.600
    endloop
  endfacet
  facet normal 0.0000e+00 5.4600e+00 0.0000e+00
    outer loop
      vertex 3.700 8.600 11.400
      vertex 2.400 8.600 11.400
      vertex 2.400 8.600 15.600
    endloop
  endfacet
  facet normal 0.0000e+00 5.4600e+00 -0.0000e+00
    outer loop
      vertex 3.700 8.600 11.400
      vertex 2.400 8.600 15.600
      vertex 3.700 8.600 15.600
    endloop
  endfacet
  facet normal -2.6040e+01 0.0000e+00 0.0000e+00
    outer loop
      vertex 2.400 8.600 11.400
      vertex 2.400 2.400 11.400
      vertex 2.400 2.400 15.600
    endloop
  endfacet
  facet normal -2.6040e+01 0.0000e+00 0.0000e+00
    outer loop
      vertex 2.400 8.600 11.400
      vertex 2.400 2.400 15.600
      vertex 2.400 8.600 15.600
    endloop
  endfacet
  facet normal 0.0000e+00 0.0000e+00 -4.6800e+00
    outer loop
      vertex 3.700 2.400 11.400
      vertex 3.700 3.700 11.400
      vertex 7.300 3.700 11.400
    endloop
  endfacet
  facet normal 0.0000e+00 0.0000e+00 -4.6800e+00
    outer loop
      vertex 3.700 2.400 11.400
      vertex 7.300 3.700 11.400
      vertex 7.300 2.400 11.400
    endloop
  endfacet
  facet normal 0.0000e+00 0.0000e+00 4.6800e+00
    outer loop
      vertex 3.700 2.400 15.600
      vertex 7.300 2.400 15.600
      vertex 7.300 3.700 15.600
    endloop
  endfacet
  facet normal 0.0000e+00 0.0000e+00 4.6800e+00
    outer loop
      vertex 3.700 2.400 15.600
      vertex 7.300 3.700 15.600
      vertex 3.700 3.700 15.600
    endloop
  endfacet
  facet normal 0.0000e+00 -1.5120e+01 0.0000e+00
    outer loop
      vertex 3.700 2.400 11.400
      vertex 7.300 2.400 11.400
      vertex 7.300 2.400 15.600
    endloop
  endfacet
  facet normal 0.0000e+00 -1.5120e+01 0.0000e+00
    outer loop
      vertex 3.700 2.400 11.400
      vertex 7.300 2.400 15.600
      vertex 3.700 2.400 15.600
    endloop
  endfacet
  facet normal 5.4600e+00 0.0000e+00 0.0000e+00
    outer loop
      vertex 7.300 2.400 11.400
      vertex 7.300 3.700 11.400
      vertex 7.300 3.700 15.600
    endloop
  endfacet
  facet normal 5.4600e+00 0.0000e+00 0.0000e+00
    outer loop
      vertex 7.300 2.400 11.400
      vertex 7.300 3.700 15.600
      vertex 7.300 2.400 15.600
    endloop
  endfacet
  facet normal 0.0000e+00 1.5120e+01 0.0000e+00
    outer loop
      vertex 7.300 3.700 11.400
      vertex 3.700 3.700 11.400
      vertex 3.700 3.700 15.600
    endloop
  endfacet
  facet normal 0.0000e+00 1.5120e+01 -0.0000e+00
    outer loop
      vertex 7.300 3.700 11.400
      vertex 3.700 3.700 15.600
      vertex 7.300 3.700 15.600
    endloop
  endfacet
  facet normal -5.4600e+00 0.0000e+00 0.0000e+00
    outer loop
      vertex 3.700 3.700 11.400
      vertex 3.700 2.400 11.400
      vertex 3.700 2.400 15.600
    endloop
  endfacet
  facet normal -5.4600e+00 0.0000e+00 0.0000e+00
    outer loop
      vertex 3.700 3.700 11.400
      vertex 3.700 2.400 15.600
      vertex 3.700 3.700 15.600
    endloop
  endfacet
  facet normal 0.0000e+00 0.0000e+00 -4.6800e+00
    outer loop
      vertex 3.700 7.300 11.400
      vertex 3.700 8.600 11.400
      vertex 7.300 8.600 11.400
    endloop
  endfacet
  facet normal 0.0000e+00 0.0000e+00 -4.6800e+00
    outer loop
      vertex 3.700 7.300 11.400
      vertex 7.300 8.600 11.400
      vertex 7.300 7.300 11.400
    endloop
  endfacet
  facet normal 0.0000e+00 0.0000e+00 4.6800e+00
    outer loop
      vertex 3.700 7.300 15.600
      vertex 7.300 7.300 15.600
      vertex 7.300 8.600 15.600
    endloop
  endfacet
  facet normal 0.0000e+00 0.0000e+00 4.6800e+00
    outer loop
      vertex 3.700 7.300 15.600
      vertex 7.300 8.600 15.600
      vertex 3.700 8.600 15.600
    endloop
  endfacet
  facet normal 0.0000e+00 -1.5120e+01 0.0000e+00
    outer loop
      vertex 3.700 7.300 11.400
      vertex 7.300 7.300 11.400
      vertex 7.300 7.300 15.600
    endloop
  endfacet
  facet normal 0.0000e+00 -1.5120e+01 0.0000e+00
    outer loop
      vertex 3.700 7.300 11.400
      vertex 7.300 7.300 15.600
      vertex 3.700 7.300 15.600
    endloop
  endfacet
  facet normal 5.4600e+00 0.0000e+00 0.0000e+00
    outer loop
      vertex 7.300 7.300 11.400
      vertex 7.300 8.600 11.400
      vertex 7.300 8.600 15.600
    endloop
  endfacet
  facet normal 5.4600e+00 0.0000e+00 0.0000e+00
    outer loop
      vertex 7.300 7.300 11.400
      vertex 7.300 8.600 15.600
      vertex 7.300 7.300 15.600
    endloop
  endfacet
  facet normal 0.0000e+00 1.5120e+01 0.0000e+00
    outer loop
      vertex 7.300 8.600 11.400
      vertex 3.700 8.600 11.400
      vertex 3.700 8.600 15.600
    endloop
  endfacet
  facet normal 0.0000e+00 1.5120e+01 -0.0000e+00
    outer loop
      vertex 7.300 8.600 11.400
      vertex 3.700 8.600 15.600
      vertex 7.300 8.600 15.600
    endloop
  endfacet
  facet normal -5.4600e+00 0.0000e+00 0.0000e+00
    outer loop
      vertex 3.700 8.600 11.400
      vertex 3.700 7.300 11.400
      vertex 3.700 7.300 15.600
    endloop
  endfacet
  facet normal -5.4600e+00 0.0000e+00 0.0000e+00
    outer loop
      vertex 3.700 8.600 11.400
      vertex 3.700 7.300 15.600
      vertex 3.700 8.600 15.600
    endloop
  endfacet
  facet normal 0.0000e+00 0.0000e+00 -8.0600e+00
    outer loop
      vertex 7.300 2.400 11.400
      vertex 7.300 8.600 11.400
      vertex 8.600 8.600 11.400
    endloop
  endfacet
  facet normal 0.0000e+00 0.0000e+00 -8.0600e+00
    outer loop
      vertex 7.300 2.400 11.400
      vertex 8.600 8.600 11.400
      vertex 8.600 2.400 11.400
    endloop
  endfacet
  facet normal 0.0000e+00 0.0000e+00 8.0600e+00
    outer loop
      vertex 7.300 2.400 15.600
      vertex 8.600 2.400 15.600
      vertex 8.600 8.600 15.600
    endloop
  endfacet
  facet normal 0.0000e+00 0.0000e+00 8.0600e+00
    outer loop
      vertex 7.300 2.400 15.600
      vertex 8.600 8.600 15.600
      vertex 7.300 8.600 15.600
    endloop
  endfacet
  facet normal 0.0000e+00 -5.4600e+00 0.0000e+00
    outer loop
      vertex 7.300 2.400 11.400
      vertex 8.600 2.400 11.400
      vertex 8.600 2.400 15.600
    endloop
  endfacet
  facet normal 0.0000e+00 -5.4600e+00 0.0000e+00
    outer loop
      vertex 7.300 2.400 11.400
      vertex 8.600 2.400 15.600
      vertex 7.300 2.400 15.600
    endloop
  endfacet
  facet normal 2.6040e+01 0.0000e+00 0.0000e+00
    outer loop
      vertex 8.600 2.400 11.400
      vertex 8.600 8.600 11.400
      vertex 8.600 8.600 15.600
    endloop
  endfacet
  facet normal 2.6040e+01 0.0000e+00 0.0000e+00
    outer loop
      vertex 8.600 2.400 11.400
      vertex 8.600 8.600 15.600
      vertex 8.600 2.400 15.600
    endloop
  endfacet
  facet normal 0.0000e+00 5.4600e+00 0.0000e+00
    outer loop
      vertex 8.600 8.600 11.400
      vertex 7.300 8.600 11.400
      vertex 7.300 8.600 15.600
    endloop
  endfacet
  facet normal 0.0000e+00 5.4600e+00 -0.0000e+00
    outer loop
      vertex 8.600 8.600 11.400
      vertex 7.300 8.600 15.600
      vertex 8.600 8.600 15.600
    endloop
  endfacet
  facet normal -2.6040e+01 0.0000e+00 0.0000e+00
    outer loop
      vertex 7.300 8.600 11.400
      vertex 7.300 2.400 11.400
      vertex 7.300 2.400 15.600
    endloop
  endfacet
  facet normal -2.6040e+01 0.0000e+00 0.0000e+00
    outer loop
      vertex 7.300 8.600 11.400
      vertex 7.300 2.400 15.600
      vertex 7.300 8.600 15.600
    endloop
  endfacet
  facet normal 0.0000e+00 0.0000e+00 -3.8440e+01
    outer loop
      vertex 2.400 47.400 1.600
      vertex 2.400 53.600 1.600
      vertex 8.600 53.600 1.600
    endloop
  endfacet
  facet normal 0.0000e+00 0.0000e+00 -3.8440e+01
    outer loop
      vertex 2.400 47.400 1.600
      vertex 8.600 53.600 1.600
      vertex 8.600 47.400 1.600
    endloop
  endfacet
  facet normal 0.0000e+00 0.0000e+00 3.8440e+01
    outer loop
      vertex 2.400 47.400 11.400
      vertex 8.600 47.400 11.400
      vertex 8.600 53.600 11.400
    endloop
  endfacet
  facet normal 0.0000e+00 0.0000e+00 3.8440e+01
    outer loop
      vertex 2.400 47.400 11.400
      vertex 8.600 53.600 11.400
      vertex 2.400 53.600 11.400
    endloop
  endfacet
  facet normal 0.0000e+00 -6.0760e+01 0.0000e+00
    outer loop
      vertex 2.400 47.400 1.600
      vertex 8.600 47.400 1.600
      vertex 8.600 47.400 11.400
    endloop
  endfacet
  facet normal 0.0000e+00 -6.0760e+01 0.0000e+00
    outer loop
      vertex 2.400 47.400 1.600
      vertex 8.600 47.400 11.400
      vertex 2.400 47.400 11.400
    endloop
  endfacet
  facet normal 6.0760e+01 0.0000e+00 0.0000e+00
    outer loop
      vertex 8.600 47.400 1.600
      vertex 8.600 53.600 1.600
      vertex 8.600 53.600 11.400
    endloop
  endfacet
  facet normal 6.0760e+01 0.0000e+00 0.0000e+00
    outer loop
      vertex 8.600 47.400 1.600
      vertex 8.600 53.600 11.400
      vertex 8.600 47.400 11.400
    endloop
  endfacet
  facet normal 0.0000e+00 6.0760e+01 0.0000e+00
    outer loop
      vertex 8.600 53.600 1.600
      vertex 2.400 53.600 1.600
      vertex 2.400 53.600 11.400
    endloop
  endfacet
  facet normal 0.0000e+00 6.0760e+01 -0.0000e+00
    outer loop
      vertex 8.600 53.600 1.600
      vertex 2.400 53.600 11.400
      vertex 8.600 53.600 11.400
    endloop
  endfacet
  facet normal -6.0760e+01 0.0000e+00 0.0000e+00
    outer loop
      vertex 2.400 53.600 1.600
      vertex 2.400 47.400 1.600
      vertex 2.400 47.400 11.400
    endloop
  endfacet
  facet normal -6.0760e+01 0.0000e+00 0.0000e+00
    outer loop
      vertex 2.400 53.600 1.600
      vertex 2.400 47.400 11.400
      vertex 2.400 53.600 11.400
    endloop
  endfacet
  facet normal 0.0000e+00 0.0000e+00 -8.0600e+00
    outer loop
      vertex 2.400 47.400 11.400
      vertex 2.400 53.600 11.400
      vertex 3.700 53.600 11.400
    endloop
  endfacet
  facet normal 0.0000e+00 0.0000e+00 -8.0600e+00
    outer loop
      vertex 2.400 47.400 11.400
      vertex 3.700 53.600 11.400
      vertex 3.700 47.400 11.400
    endloop
  endfacet
  facet normal 0.0000e+00 0.0000e+00 8.0600e+00
    outer loop
      vertex 2.400 47.400 15.600
      vertex 3.700 47.400 15.600
      vertex 3.700 53.600 15.600
    endloop
  endfacet
  facet normal 0.0000e+00 0.0000e+00 8.0600e+00
    outer loop
      vertex 2.400 47.400 15.600
      vertex 3.700 53.600 15.600
      vertex 2.400 53.600 15.600
    endloop
  endfacet
  facet normal 0.0000e+00 -5.4600e+00 0.0000e+00
    outer loop
      vertex 2.400 47.400 11.400
      vertex 3.700 47.400 11.400
      vertex 3.700 47.400 15.600
    endloop
  endfacet
  facet normal 0.0000e+00 -5.4600e+00 0.0000e+00
    outer loop
      vertex 2.400 47.400 11.400
      vertex 3.700 47.400 15.600
      vertex 2.400 47.400 15.600
    endloop
  endfacet
  facet normal 2.6040e+01 0.0000e+00 0.0000e+00
    outer loop
      vertex 3.700 47.400 11.400
      vertex 3.700 53.600 11.400
      vertex 3.700 53.600 15.600
    endloop
  endfacet
  facet normal 2.6040e+01 0.0000e+00 0.0000e+00
    outer loop
      vertex 3.700 47.400 11.400
      vertex 3.700 53.600 15.600
      vertex 3.700 47.400 15.600
    endloop
  endfacet
  facet normal 0.0000e+00 5.4600e+00 0.0000e+00
    outer loop
      vertex 3.700 53.600 11.400
      vertex 2.400 53.600 11.400
      vertex 2.400 53.600 15.600
    endloop
  endfacet
  facet normal 0.0000e+00 5.4600e+00 -0.0000e+00
    outer loop
      vertex 3.700 53.600 11.400
      vertex 2.400 53.600 15.600
      vertex 3.700 53.600 15.600
    endloop
  endfacet
  facet normal -2.6040e+01 0.0000e+00 0.0000e+00
    outer loop
      vertex 2.400 53.600 11.400
      vertex 2.400 47.400 11.400
      vertex 2.400 47.400 15.600
    endloop
  endfacet
  facet normal -2.6040e+01 0.0000e+00 0.0000e+00
    outer loop
      vertex 2.400 53.600 11.400
      vertex 2.400 47.400 15.600
      vertex 2.400 53.600 15.600
    endloop
  endfacet
  facet normal 0.0000e+00 0.0000e+00 -4.6800e+00
    outer loop
      vertex 3.700 47.400 11.400
      vertex 3.700 48.700 11.400
      vertex 7.300 48.700 11.400
    endloop
  endfacet
  facet normal 0.0000e+00 0.0000e+00 -4.6800e+00
    outer loop
      vertex 3.700 47.400 11.400
      vertex 7.300 48.700 11.400
      vertex 7.300 47.400 11.400
    endloop
  endfacet
  facet normal 0.0000e+00 0.0000e+00 4.6800e+00
    outer loop
      vertex 3.700 47.400 15.600
      vertex 7.300 47.400 15.600
      vertex 7.300 48.700 15.600
    endloop
  endfacet
  facet normal 0.0000e+00 0.0000e+00 4.6800e+00
    outer loop
      vertex 3.700 47.400 15.600
      vertex 7.300 48.700 15.600
      vertex 3.700 48.700 15.600
    endloop
  endfacet
  facet normal 0.0000e+00 -1.5120e+01 0.0000e+00
    outer loop
      vertex 3.700 47.400 11.400
      vertex 7.300 47.400 11.400
      vertex 7.300 47.400 15.600
    endloop
  endfacet
  facet normal 0.0000e+00 -1.5120e+01 0.0000e+00
    outer loop
      vertex 3.700 47.400 11.400
      vertex 7.300 47.400 15.600
      vertex 3.700 47.400 15.600
    endloop
  endfacet
  facet normal 5.4600e+00 0.0000e+00 0.0000e+00
    outer loop
      vertex 7.300 47.400 11.400
      vertex 7.300 48.700 11.400
      vertex 7.300 48.700 15.600
    endloop
  endfacet
  facet normal 5.4600e+00 0.0000e+00 0.0000e+00
    outer loop
      vertex 7.300 47.400 11.400
      vertex 7.300 48.700 15.600
      vertex 7.300 47.400 15.600
    endloop
  endfacet
  facet normal 0.0000e+00 1.5120e+01 0.0000e+00
    outer loop
      vertex 7.300 48.700 11.400
      vertex 3.700 48.700 11.400
      vertex 3.700 48.700 15.600
    endloop
  endfacet
  facet normal 0.0000e+00 1.5120e+01 -0.0000e+00
    outer loop
      vertex 7.300 48.700 11.400
      vertex 3.700 48.700 15.600
      vertex 7.300 48.700 15.600
    endloop
  endfacet
  facet normal -5.4600e+00 0.0000e+00 0.0000e+00
    outer loop
      vertex 3.700 48.700 11.400
      vertex 3.700 47.400 11.400
      vertex 3.700 47.400 15.600
    endloop
  endfacet
  facet normal -5.4600e+00 0.0000e+00 0.0000e+00
    outer loop
      vertex 3.700 48.700 11.400
      vertex 3.700 47.400 15.600
      vertex 3.700 48.700 15.600
    endloop
  endfacet
  facet normal 0.0000e+00 0.0000e+00 -4.6800e+00
    outer loop
      vertex 3.700 52.300 11.400
      vertex 3.700 53.600 11.400
      vertex 7.300 53.600 11.400
    endloop
  endfacet
  facet normal 0.0000e+00 0.0000e+00 -4.6800e+00
    outer loop
      vertex 3.700 52.300 11.400
      vertex 7.300 53.600 11.400
      vertex 7.300 52.300 11.400
    endloop
  endfacet
  facet normal 0.0000e+00 0.0000e+00 4.6800e+00
    outer loop
      vertex 3.700 52.300 15.600
      vertex 7.300 52.300 15.600
      vertex 7.300 53.600 15.600
    endloop
  endfacet
  facet normal 0.0000e+00 0.0000e+00 4.6800e+00
    outer loop
      vertex 3.700 52.300 15.600
      vertex 7.300 53.600 15.600
      vertex 3.700 53.600 15.600
    endloop
  endfacet
  facet normal 0.0000e+00 -1.5120e+01 0.0000e+00
    outer loop
      vertex 3.700 52.300 11.400
      vertex 7.300 52.300 11.400
      vertex 7.300 52.300 15.600
    endloop
  endfacet
  facet normal 0.0000e+00 -1.5120e+01 0.0000e+00
    outer loop
      vertex 3.700 52.300 11.400
      vertex 7.300 52.300 15.600
      vertex 3.700 52.300 15.600
    endloop
  endfacet
  facet normal 5.4600e+00 0.0000e+00 0.0000e+00
    outer loop
      vertex 7.300 52.300 11.400
      vertex 7.300 53.600 11.400
      vertex 7.300 53.600 15.600
    endloop
  endfacet
  facet normal 5.4600e+00 0.0000e+00 0.0000e+00
    outer loop
      vertex 7.300 52.300 11.400
      vertex 7.300 53.600 15.600
      vertex 7.300 52.300 15.600
    endloop
  endfacet
  facet normal 0.0000e+00 1.5120e+01 0.0000e+00
    outer loop
      vertex 7.300 53.600 11.400
      vertex 3.700 53.600 11.400
      vertex 3.700 53.600 15.600
    endloop
  endfacet
  facet normal 0.0000e+00 1.5120e+01 -0.0000e+00
    outer loop
      vertex 7.300 53.600 11.400
      vertex 3.700 53.600 15.600
      vertex 7.300 53.600 15.600
    endloop
  endfacet
  facet normal -5.4600e+00 0.0000e+00 0.0000e+00
    outer loop
      vertex 3.700 53.600 11.400
      vertex 3.700 52.300 11.400
      vertex 3.700 52.300 15.600
    endloop
  endfacet
  facet normal -5.4600e+00 0.0000e+00 0.0000e+00
    outer loop
      vertex 3.700 53.600 11.400
      vertex 3.700 52.300 15.600
      vertex 3.700 53.600 15.600
    endloop
  endfacet
  facet normal 0.0000e+00 0.0000e+00 -8.0600e+00
    outer loop
      vertex 7.300 47.400 11.400
      vertex 7.300 53.600 11.400
      vertex 8.600 53.600 11.400
    endloop
  endfacet
  facet normal 0.0000e+00 0.0000e+00 -8.0600e+00
    outer loop
      vertex 7.300 47.400 11.400
      vertex 8.600 53.600 11.400
      vertex 8.600 47.400 11.400
    endloop
  endfacet
  facet normal 0.0000e+00 0.0000e+00 8.0600e+00
    outer loop
      vertex 7.300 47.400 15.600
      vertex 8.600 47.400 15.600
      vertex 8.600 53.600 15.600
    endloop
  endfacet
  facet normal 0.0000e+00 0.0000e+00 8.0600e+00
    outer loop
      vertex 7.300 47.400 15.600
      vertex 8.600 53.600 15.600
      vertex 7.300 53.600 15.600
    endloop
  endfacet
  facet normal 0.0000e+00 -5.4600e+00 0.0000e+00
    outer loop
      vertex 7.300 47.400 11.400
      vertex 8.600 47.400 11.400
      vertex 8.600 47.400 15.600
    endloop
  endfacet
  facet normal 0.0000e+00 -5.4600e+00 0.0000e+00
    outer loop
      vertex 7.300 47.400 11.400
      vertex 8.600 47.400 15.600
      vertex 7.300 47.400 15.600
    endloop
  endfacet
  facet normal 2.6040e+01 0.0000e+00 0.0000e+00
    outer loop
      vertex 8.600 47.400 11.400
      vertex 8.600 53.600 11.400
      vertex 8.600 53.600 15.600
    endloop
  endfacet
  facet normal 2.6040e+01 0.0000e+00 0.0000e+00
    outer loop
      vertex 8.600 47.400 11.400
      vertex 8.600 53.600 15.600
      vertex 8.600 47.400 15.600
    endloop
  endfacet
  facet normal 0.0000e+00 5.4600e+00 0.0000e+00
    outer loop
      vertex 8.600 53.600 11.400
      vertex 7.300 53.600 11.400
      vertex 7.300 53.600 15.600
    endloop
  endfacet
  facet normal 0.0000e+00 5.4600e+00 -0.0000e+00
    outer loop
      vertex 8.600 53.600 11.400
      vertex 7.300 53.600 15.600
      vertex 8.600 53.600 15.600
    endloop
  endfacet
  facet normal -2.6040e+01 0.0000e+00 0.0000e+00
    outer loop
      vertex 7.300 53.600 11.400
      vertex 7.300 47.400 11.400
      vertex 7.300 47.400 15.600
    endloop
  endfacet
  facet normal -2.6040e+01 0.0000e+00 0.0000e+00
    outer loop
      vertex 7.300 53.600 11.400
      vertex 7.300 47.400 15.600
      vertex 7.300 53.600 15.600
    endloop
  endfacet
  facet normal 0.0000e+00 0.0000e+00 -3.8440e+01
    outer loop
      vertex 99.400 2.400 1.600
      vertex 99.400 8.600 1.600
      vertex 105.600 8.600 1.600
    endloop
  endfacet
  facet normal 0.0000e+00 0.0000e+00 -3.8440e+01
    outer loop
      vertex 99.400 2.400 1.600
      vertex 105.600 8.600 1.600
      vertex 105.600 2.400 1.600
    endloop
  endfacet
  facet normal 0.0000e+00 0.0000e+00 3.8440e+01
    outer loop
      vertex 99.400 2.400 11.400
      vertex 105.600 2.400 11.400
      vertex 105.600 8.600 11.400
    endloop
  endfacet
  facet normal 0.0000e+00 0.0000e+00 3.8440e+01
    outer loop
      vertex 99.400 2.400 11.400
      vertex 105.600 8.600 11.400
      vertex 99.400 8.600 11.400
    endloop
  endfacet
  facet normal 0.0000e+00 -6.0760e+01 0.0000e+00
    outer loop
      vertex 99.400 2.400 1.600
      vertex 105.600 2.400 1.600
      vertex 105.600 2.400 11.400
    endloop
  endfacet
  facet normal 0.0000e+00 -6.0760e+01 0.0000e+00
    outer loop
      vertex 99.400 2.400 1.600
      vertex 105.600 2.400 11.400
      vertex 99.400 2.400 11.400
    endloop
  endfacet
  facet normal 6.0760e+01 0.0000e+00 0.0000e+00
    outer loop
      vertex 105.600 2.400 1.600
      vertex 105.600 8.600 1.600
      vertex 105.600 8.600 11.400
    endloop
  endfacet
  facet normal 6.0760e+01 0.0000e+00 0.0000e+00
    outer loop
      vertex 105.600 2.400 1.600
      vertex 105.600 8.600 11.400
      vertex 105.600 2.400 11.400
    endloop
  endfacet
  facet normal 0.0000e+00 6.0760e+01 0.0000e+00
    outer loop
      vertex 105.600 8.600 1.600
      vertex 99.400 8.600 1.600
      vertex 99.400 8.600 11.400
    endloop
  endfacet
  facet normal 0.0000e+00 6.0760e+01 -0.0000e+00
    outer loop
      vertex 105.600 8.600 1.600
      vertex 99.400 8.600 11.400
      vertex 105.600 8.600 11.400
    endloop
  endfacet
  facet normal -6.0760e+01 0.0000e+00 0.0000e+00
    outer loop
      vertex 99.400 8.600 1.600
      vertex 99.400 2.400 1.600
      vertex 99.400 2.400 11.400
    endloop
  endfacet
  facet normal -6.0760e+01 0.0000e+00 0.0000e+00
    outer loop
      vertex 99.400 8.600 1.600
      vertex 99.400 2.400 11.400
      vertex 99.400 8.600 11.400
    endloop
  endfacet
  facet normal 0.0000e+00 0.0000e+00 -8.0600e+00
    outer loop
      vertex 99.400 2.400 11.400
      vertex 99.400 8.600 11.400
      vertex 100.700 8.600 11.400
    endloop
  endfacet
  facet normal 0.0000e+00 0.0000e+00 -8.0600e+00
    outer loop
      vertex 99.400 2.400 11.400
      vertex 100.700 8.600 11.400
      vertex 100.700 2.400 11.400
    endloop
  endfacet
  facet normal 0.0000e+00 0.0000e+00 8.0600e+00
    outer loop
      vertex 99.400 2.400 15.600
      vertex 100.700 2.400 15.600
      vertex 100.700 8.600 15.600
    endloop
  endfacet
  facet normal 0.0000e+00 0.0000e+00 8.0600e+00
    outer loop
      vertex 99.400 2.400 15.600
      vertex 100.700 8.600 15.600
      vertex 99.400 8.600 15.600
    endloop
  endfacet
  facet normal 0.0000e+00 -5.4600e+00 0.0000e+00
    outer loop
      vertex 99.400 2.400 11.400
      vertex 100.700 2.400 11.400
      vertex 100.700 2.400 15.600
    endloop
  endfacet
  facet normal 0.0000e+00 -5.4600e+00 0.0000e+00
    outer loop
      vertex 99.400 2.400 11.400
      vertex 100.700 2.400 15.600
      vertex 99.400 2.400 15.600
    endloop
  endfacet
  facet normal 2.6040e+01 0.0000e+00 0.0000e+00
    outer loop
      vertex 100.700 2.400 11.400
      vertex 100.700 8.600 11.400
      vertex 100.700 8.600 15.600
    endloop
  endfacet
  facet normal 2.6040e+01 0.0000e+00 0.0000e+00
    outer loop
      vertex 100.700 2.400 11.400
      vertex 100.700 8.600 15.600
      vertex 100.700 2.400 15.600
    endloop
  endfacet
  facet normal 0.0000e+00 5.4600e+00 0.0000e+00
    outer loop
      vertex 100.700 8.600 11.400
      vertex 99.400 8.600 11.400
      vertex 99.400 8.600 15.600
    endloop
  endfacet
  facet normal 0.0000e+00 5.4600e+00 -0.0000e+00
    outer loop
      vertex 100.700 8.600 11.400
      vertex 99.400 8.600 15.600
      vertex 100.700 8.600 15.600
    endloop
  endfacet
  facet normal -2.6040e+01 0.0000e+00 0.0000e+00
    outer loop
      vertex 99.400 8.600 11.400
      vertex 99.400 2.400 11.400
      vertex 99.400 2.400 15.600
    endloop
  endfacet
  facet normal -2.6040e+01 0.0000e+00 0.0000e+00
    outer loop
      vertex 99.400 8.600 11.400
      vertex 99.400 2.400 15.600
      vertex 99.400 8.600 15.600
    endloop
  endfacet
  facet normal 0.0000e+00 0.0000e+00 -4.6800e+00
    outer loop
      vertex 100.700 2.400 11.400
      vertex 100.700 3.700 11.400
      vertex 104.300 3.700 11.400
    endloop
  endfacet
  facet normal 0.0000e+00 0.0000e+00 -4.6800e+00
    outer loop
      vertex 100.700 2.400 11.400
      vertex 104.300 3.700 11.400
      vertex 104.300 2.400 11.400
    endloop
  endfacet
  facet normal 0.0000e+00 0.0000e+00 4.6800e+00
    outer loop
      vertex 100.700 2.400 15.600
      vertex 104.300 2.400 15.600
      vertex 104.300 3.700 15.600
    endloop
  endfacet
  facet normal 0.0000e+00 0.0000e+00 4.6800e+00
    outer loop
      vertex 100.700 2.400 15.600
      vertex 104.300 3.700 15.600
      vertex 100.700 3.700 15.600
    endloop
  endfacet
  facet normal 0.0000e+00 -1.5120e+01 0.0000e+00
    outer loop
      vertex 100.700 2.400 11.400
      vertex 104.300 2.400 11.400
      vertex 104.300 2.400 15.600
    endloop
  endfacet
  facet normal 0.0000e+00 -1.5120e+01 0.0000e+00
    outer loop
      vertex 100.700 2.400 11.400
      vertex 104.300 2.400 15.600
      vertex 100.700 2.400 15.600
    endloop
  endfacet
  facet normal 5.4600e+00 0.0000e+00 0.0000e+00
    outer loop
      vertex 104.300 2.400 11.400
      vertex 104.300 3.700 11.400
      vertex 104.300 3.700 15.600
    endloop
  endfacet
  facet normal 5.4600e+00 0.0000e+00 0.0000e+00
    outer loop
      vertex 104.300 2.400 11.400
      vertex 104.300 3.700 15.600
      vertex 104.300 2.400 15.600
    endloop
  endfacet
  facet normal 0.0000e+00 1.5120e+01 0.0000e+00
    outer loop
      vertex 104.300 3.700 11.400
      vertex 100.700 3.700 11.400
      vertex 100.700 3.700 15.600
    endloop
  endfacet
  facet normal 0.0000e+00 1.5120e+01 -0.0000e+00
    outer loop
      vertex 104.300 3.700 11.400
      vertex 100.700 3.700 15.600
      vertex 104.300 3.700 15.600
    endloop
  endfacet
  facet normal -5.4600e+00 0.0000e+00 0.0000e+00
    outer loop
      vertex 100.700 3.700 11.400
      vertex 100.700 2.400 11.400
      vertex 100.700 2.400 15.600
    endloop
  endfacet
  facet normal -5.4600e+00 0.0000e+00 0.0000e+00
    outer loop
      vertex 100.700 3.700 11.400
      vertex 100.700 2.400 15.600
      vertex 100.700 3.700 15.600
    endloop
  endfacet
  facet normal 0.0000e+00 0.0000e+00 -4.6800e+00
    outer loop
      vertex 100.700 7.300 11.400
      vertex 100.700 8.600 11.400
      vertex 104.300 8.600 11.400
    endloop
  endfacet
  facet normal 0.0000e+00 0.0000e+00 -4.6800e+00
    outer loop
      vertex 100.700 7.300 11.400
      vertex 104.300 8.600 11.400
      vertex 104.300 7.300 11.400
    endloop
  endfacet
  facet normal 0.0000e+00 0.0000e+00 4.6800e+00
    outer loop
      vertex 100.700 7.300 15.600
      vertex 104.300 7.300 15.600
      vertex 104.300 8.600 15.600
    endloop
  endfacet
  facet normal 0.0000e+00 0.0000e+00 4.6800e+00
    outer loop
      vertex 100.700 7.300 15.600
      vertex 104.300 8.600 15.600
      vertex 100.700 8.600 15.600
    endloop
  endfacet
  facet normal 0.0000e+00 -1.5120e+01 0.0000e+00
    outer loop
      vertex 100.700 7.300 11.400
      vertex 104.300 7.300 11.400
      vertex 104.300 7.300 15.600
    endloop
  endfacet
  facet normal 0.0000e+00 -1.5120e+01 0.0000e+00
    outer loop
      vertex 100.700 7.300 11.400
      vertex 104.300 7.300 15.600
      vertex 100.700 7.300 15.600
    endloop
  endfacet
  facet normal 5.4600e+00 0.0000e+00 0.0000e+00
    outer loop
      vertex 104.300 7.300 11.400
      vertex 104.300 8.600 11.400
      vertex 104.300 8.600 15.600
    endloop
  endfacet
  facet normal 5.4600e+00 0.0000e+00 0.0000e+00
    outer loop
      vertex 104.300 7.300 11.400
      vertex 104.300 8.600 15.600
      vertex 104.300 7.300 15.600
    endloop
  endfacet
  facet normal 0.0000e+00 1.5120e+01 0.0000e+00
    outer loop
      vertex 104.300 8.600 11.400
      vertex 100.700 8.600 11.400
      vertex 100.700 8.600 15.600
    endloop
  endfacet
  facet normal 0.0000e+00 1.5120e+01 -0.0000e+00
    outer loop
      vertex 104.300 8.600 11.400
      vertex 100.700 8.600 15.600
      vertex 104.300 8.600 15.600
    endloop
  endfacet
  facet normal -5.4600e+00 0.0000e+00 0.0000e+00
    outer loop
      vertex 100.700 8.600 11.400
      vertex 100.700 7.300 11.400
      vertex 100.700 7.300 15.600
    endloop
  endfacet
  facet normal -5.4600e+00 0.0000e+00 0.0000e+00
    outer loop
      vertex 100.700 8.600 11.400
      vertex 100.700 7.300 15.600
      vertex 100.700 8.600 15.600
    endloop
  endfacet
  facet normal 0.0000e+00 0.0000e+00 -8.0600e+00
    outer loop
      vertex 104.300 2.400 11.400
      vertex 104.300 8.600 11.400
      vertex 105.600 8.600 11.400
    endloop
  endfacet
  facet normal 0.0000e+00 0.0000e+00 -8.0600e+00
    outer loop
      vertex 104.300 2.400 11.400
      vertex 105.600 8.600 11.400
      vertex 105.600 2.400 11.400
    endloop
  endfacet
  facet normal 0.0000e+00 0.0000e+00 8.0600e+00
    outer loop
      vertex 104.300 2.400 15.600
      vertex 105.600 2.400 15.600
      vertex 105.600 8.600 15.600
    endloop
  endfacet
  facet normal 0.0000e+00 0.0000e+00 8.0600e+00
    outer loop
      vertex 104.300 2.400 15.600
      vertex 105.600 8.600 15.600
      vertex 104.300 8.600 15.600
    endloop
  endfacet
  facet normal 0.0000e+00 -5.4600e+00 0.0000e+00
    outer loop
      vertex 104.300 2.400 11.400
      vertex 105.600 2.400 11.400
      vertex 105.600 2.400 15.600
    endloop
  endfacet
  facet normal 0.0000e+00 -5.4600e+00 0.0000e+00
    outer loop
      vertex 104.300 2.400 11.400
      vertex 105.600 2.400 15.600
      vertex 104.300 2.400 15.600
    endloop
  endfacet
  facet normal 2.6040e+01 0.0000e+00 0.0000e+00
    outer loop
      vertex 105.600 2.400 11.400
      vertex 105.600 8.600 11.400
      vertex 105.600 8.600 15.600
    endloop
  endfacet
  facet normal 2.6040e+01 0.0000e+00 0.0000e+00
    outer loop
      vertex 105.600 2.400 11.400
      vertex 105.600 8.600 15.600
      vertex 105.600 2.400 15.600
    endloop
  endfacet
  facet normal 0.0000e+00 5.4600e+00 0.0000e+00
    outer loop
      vertex 105.600 8.600 11.400
      vertex 104.300 8.600 11.400
      vertex 104.300 8.600 15.600
    endloop
  endfacet
  facet normal 0.0000e+00 5.4600e+00 -0.0000e+00
    outer loop
      vertex 105.600 8.600 11.400
      vertex 104.300 8.600 15.600
      vertex 105.600 8.600 15.600
    endloop
  endfacet
  facet normal -2.6040e+01 0.0000e+00 0.0000e+00
    outer loop
      vertex 104.300 8.600 11.400
      vertex 104.300 2.400 11.400
      vertex 104.300 2.400 15.600
    endloop
  endfacet
  facet normal -2.6040e+01 0.0000e+00 0.0000e+00
    outer loop
      vertex 104.300 8.600 11.400
      vertex 104.300 2.400 15.600
      vertex 104.300 8.600 15.600
    endloop
  endfacet
  facet normal 0.0000e+00 0.0000e+00 -3.8440e+01
    outer loop
      vertex 99.400 47.400 1.600
      vertex 99.400 53.600 1.600
      vertex 105.600 53.600 1.600
    endloop
  endfacet
  facet normal 0.0000e+00 0.0000e+00 -3.8440e+01
    outer loop
      vertex 99.400 47.400 1.600
      vertex 105.600 53.600 1.600
      vertex 105.600 47.400 1.600
    endloop
  endfacet
  facet normal 0.0000e+00 0.0000e+00 3.8440e+01
    outer loop
      vertex 99.400 47.400 11.400
      vertex 105.600 47.400 11.400
      vertex 105.600 53.600 11.400
    endloop
  endfacet
  facet normal 0.0000e+00 0.0000e+00 3.8440e+01
    outer loop
      vertex 99.400 47.400 11.400
      vertex 105.600 53.600 11.400
      vertex 99.400 53.600 11.400
    endloop
  endfacet
  facet normal 0.0000e+00 -6.0760e+01 0.0000e+00
    outer loop
      vertex 99.400 47.400 1.600
      vertex 105.600 47.400 1.600
      vertex 105.600 47.400 11.400
    endloop
  endfacet
  facet normal 0.0000e+00 -6.0760e+01 0.0000e+00
    outer loop
      vertex 99.400 47.400 1.600
      vertex 105.600 47.400 11.400
      vertex 99.400 47.400 11.400
    endloop
  endfacet
  facet normal 6.0760e+01 0.0000e+00 0.0000e+00
    outer loop
      vertex 105.600 47.400 1.600
      vertex 105.600 53.600 1.600
      vertex 105.600 53.600 11.400
    endloop
  endfacet
  facet normal 6.0760e+01 0.0000e+00 0.0000e+00
    outer loop
      vertex 105.600 47.400 1.600
      vertex 105.600 53.600 11.400
      vertex 105.600 47.400 11.400
    endloop
  endfacet
  facet normal 0.0000e+00 6.0760e+01 0.0000e+00
    outer loop
      vertex 105.600 53.600 1.600
      vertex 99.400 53.600 1.600
      vertex 99.400 53.600 11.400
    endloop
  endfacet
  facet normal 0.0000e+00 6.0760e+01 -0.0000e+00
    outer loop
      vertex 105.600 53.600 1.600
      vertex 99.400 53.600 11.400
      vertex 105.600 53.600 11.400
    endloop
  endfacet
  facet normal -6.0760e+01 0.0000e+00 0.0000e+00
    outer loop
      vertex 99.400 53.600 1.600
      vertex 99.400 47.400 1.600
      vertex 99.400 47.400 11.400
    endloop
  endfacet
  facet normal -6.0760e+01 0.0000e+00 0.0000e+00
    outer loop
      vertex 99.400 53.600 1.600
      vertex 99.400 47.400 11.400
      vertex 99.400 53.600 11.400
    endloop
  endfacet
  facet normal 0.0000e+00 0.0000e+00 -8.0600e+00
    outer loop
      vertex 99.400 47.400 11.400
      vertex 99.400 53.600 11.400
      vertex 100.700 53.600 11.400
    endloop
  endfacet
  facet normal 0.0000e+00 0.0000e+00 -8.0600e+00
    outer loop
      vertex 99.400 47.400 11.400
      vertex 100.700 53.600 11.400
      vertex 100.700 47.400 11.400
    endloop
  endfacet
  facet normal 0.0000e+00 0.0000e+00 8.0600e+00
    outer loop
      vertex 99.400 47.400 15.600
      vertex 100.700 47.400 15.600
      vertex 100.700 53.600 15.600
    endloop
  endfacet
  facet normal 0.0000e+00 0.0000e+00 8.0600e+00
    outer loop
      vertex 99.400 47.400 15.600
      vertex 100.700 53.600 15.600
      vertex 99.400 53.600 15.600
    endloop
  endfacet
  facet normal 0.0000e+00 -5.4600e+00 0.0000e+00
    outer loop
      vertex 99.400 47.400 11.400
      vertex 100.700 47.400 11.400
      vertex 100.700 47.400 15.600
    endloop
  endfacet
  facet normal 0.0000e+00 -5.4600e+00 0.0000e+00
    outer loop
      vertex 99.400 47.400 11.400
      vertex 100.700 47.400 15.600
      vertex 99.400 47.400 15.600
    endloop
  endfacet
  facet normal 2.6040e+01 0.0000e+00 0.0000e+00
    outer loop
      vertex 100.700 47.400 11.400
      vertex 100.700 53.600 11.400
      vertex 100.700 53.600 15.600
    endloop
  endfacet
  facet normal 2.6040e+01 0.0000e+00 0.0000e+00
    outer loop
      vertex 100.700 47.400 11.400
      vertex 100.700 53.600 15.600
      vertex 100.700 47.400 15.600
    endloop
  endfacet
  facet normal 0.0000e+00 5.4600e+00 0.0000e+00
    outer loop
      vertex 100.700 53.600 11.400
      vertex 99.400 53.600 11.400
      vertex 99.400 53.600 15.600
    endloop
  endfacet
  facet normal 0.0000e+00 5.4600e+00 -0.0000e+00
    outer loop
      vertex 100.700 53.600 11.400
      vertex 99.400 53.600 15.600
      vertex 100.700 53.600 15.600
    endloop
  endfacet
  facet normal -2.6040e+01 0.0000e+00 0.0000e+00
    outer loop
      vertex 99.400 53.600 11.400
      vertex 99.400 47.400 11.400
      vertex 99.400 47.400 15.600
    endloop
  endfacet
  facet normal -2.6040e+01 0.0000e+00 0.0000e+00
    outer loop
      vertex 99.400 53.600 11.400
      vertex 99.400 47.400 15.600
      vertex 99.400 53.600 15.600
    endloop
  endfacet
  facet normal 0.0000e+00 0.0000e+00 -4.6800e+00
    outer loop
      vertex 100.700 47.400 11.400
      vertex 100.700 48.700 11.400
      vertex 104.300 48.700 11.400
    endloop
  endfacet
  facet normal 0.0000e+00 0.0000e+00 -4.6800e+00
    outer loop
      vertex 100.700 47.400 11.400
      vertex 104.300 48.700 11.400
      vertex 104.300 47.400 11.400
    endloop
  endfacet
  facet normal 0.0000e+00 0.0000e+00 4.6800e+00
    outer loop
      vertex 100.700 47.400 15.600
      vertex 104.300 47.400 15.600
      vertex 104.300 48.700 15.600
    endloop
  endfacet
  facet normal 0.0000e+00 0.0000e+00 4.6800e+00
    outer loop
      vertex 100.700 47.400 15.600
      vertex 104.300 48.700 15.600
      vertex 100.700 48.700 15.600
    endloop
  endfacet
  facet normal 0.0000e+00 -1.5120e+01 0.0000e+00
    outer loop
      vertex 100.700 47.400 11.400
      vertex 104.300 47.400 11.400
      vertex 104.300 47.400 15.600
    endloop
  endfacet
  facet normal 0.0000e+00 -1.5120e+01 0.0000e+00
    outer loop
      vertex 100.700 47.400 11.400
      vertex 104.300 47.400 15.600
      vertex 100.700 47.400 15.600
    endloop
  endfacet
  facet normal 5.4600e+00 0.0000e+00 0.0000e+00
    outer loop
      vertex 104.300 47.400 11.400
      vertex 104.300 48.700 11.400
      vertex 104.300 48.700 15.600
    endloop
  endfacet
  facet normal 5.4600e+00 0.0000e+00 0.0000e+00
    outer loop
      vertex 104.300 47.400 11.400
      vertex 104.300 48.700 15.600
      vertex 104.300 47.400 15.600
    endloop
  endfacet
  facet normal 0.0000e+00 1.5120e+01 0.0000e+00
    outer loop
      vertex 104.300 48.700 11.400
      vertex 100.700 48.700 11.400
      vertex 100.700 48.700 15.600
    endloop
  endfacet
  facet normal 0.0000e+00 1.5120e+01 -0.0000e+00
    outer loop
      vertex 104.300 48.700 11.400
      vertex 100.700 48.700 15.600
      vertex 104.300 48.700 15.600
    endloop
  endfacet
  facet normal -5.4600e+00 0.0000e+00 0.0000e+00
    outer loop
      vertex 100.700 48.700 11.400
      vertex 100.700 47.400 11.400
      vertex 100.700 47.400 15.600
    endloop
  endfacet
  facet normal -5.4600e+00 0.0000e+00 0.0000e+00
    outer loop
      vertex 100.700 48.700 11.400
      vertex 100.700 47.400 15.600
      vertex 100.700 48.700 15.600
    endloop
  endfacet
  facet normal 0.0000e+00 0.0000e+00 -4.6800e+00
    outer loop
      vertex 100.700 52.300 11.400
      vertex 100.700 53.600 11.400
      vertex 104.300 53.600 11.400
    endloop
  endfacet
  facet normal 0.0000e+00 0.0000e+00 -4.6800e+00
    outer loop
      vertex 100.700 52.300 11.400
      vertex 104.300 53.600 11.400
      vertex 104.300 52.300 11.400
    endloop
  endfacet
  facet normal 0.0000e+00 0.0000e+00 4.6800e+00
    outer loop
      vertex 100.700 52.300 15.600
      vertex 104.300 52.300 15.600
      vertex 104.300 53.600 15.600
    endloop
  endfacet
  facet normal 0.0000e+00 0.0000e+00 4.6800e+00
    outer loop
      vertex 100.700 52.300 15.600
      vertex 104.300 53.600 15.600
      vertex 100.700 53.600 15.600
    endloop
  endfacet
  facet normal 0.0000e+00 -1.5120e+01 0.0000e+00
    outer loop
      vertex 100.700 52.300 11.400
      vertex 104.300 52.300 11.400
      vertex 104.300 52.300 15.600
    endloop
  endfacet
  facet normal 0.0000e+00 -1.5120e+01 0.0000e+00
    outer loop
      vertex 100.700 52.300 11.400
      vertex 104.300 52.300 15.600
      vertex 100.700 52.300 15.600
    endloop
  endfacet
  facet normal 5.4600e+00 0.0000e+00 0.0000e+00
    outer loop
      vertex 104.300 52.300 11.400
      vertex 104.300 53.600 11.400
      vertex 104.300 53.600 15.600
    endloop
  endfacet
  facet normal 5.4600e+00 0.0000e+00 0.0000e+00
    outer loop
      vertex 104.300 52.300 11.400
      vertex 104.300 53.600 15.600
      vertex 104.300 52.300 15.600
    endloop
  endfacet
  facet normal 0.0000e+00 1.5120e+01 0.0000e+00
    outer loop
      vertex 104.300 53.600 11.400
      vertex 100.700 53.600 11.400
      vertex 100.700 53.600 15.600
    endloop
  endfacet
  facet normal 0.0000e+00 1.5120e+01 -0.0000e+00
    outer loop
      vertex 104.300 53.600 11.400
      vertex 100.700 53.600 15.600
      vertex 104.300 53.600 15.600
    endloop
  endfacet
  facet normal -5.4600e+00 0.0000e+00 0.0000e+00
    outer loop
      vertex 100.700 53.600 11.400
      vertex 100.700 52.300 11.400
      vertex 100.700 52.300 15.600
    endloop
  endfacet
  facet normal -5.4600e+00 0.0000e+00 0.0000e+00
    outer loop
      vertex 100.700 53.600 11.400
      vertex 100.700 52.300 15.600
      vertex 100.700 53.600 15.600
    endloop
  endfacet
  facet normal 0.0000e+00 0.0000e+00 -8.0600e+00
    outer loop
      vertex 104.300 47.400 11.400
      vertex 104.300 53.600 11.400
      vertex 105.600 53.600 11.400
    endloop
  endfacet
  facet normal 0.0000e+00 0.0000e+00 -8.0600e+00
    outer loop
      vertex 104.300 47.400 11.400
      vertex 105.600 53.600 11.400
      vertex 105.600 47.400 11.400
    endloop
  endfacet
  facet normal 0.0000e+00 0.0000e+00 8.0600e+00
    outer loop
      vertex 104.300 47.400 15.600
      vertex 105.600 47.400 15.600
      vertex 105.600 53.600 15.600
    endloop
  endfacet
  facet normal 0.0000e+00 0.0000e+00 8.0600e+00
    outer loop
      vertex 104.300 47.400 15.600
      vertex 105.600 53.600 15.600
      vertex 104.300 53.600 15.600
    endloop
  endfacet
  facet normal 0.0000e+00 -5.4600e+00 0.0000e+00
    outer loop
      vertex 104.300 47.400 11.400
      vertex 105.600 47.400 11.400
      vertex 105.600 47.400 15.600
    endloop
  endfacet
  facet normal 0.0000e+00 -5.4600e+00 0.0000e+00
    outer loop
      vertex 104.300 47.400 11.400
      vertex 105.600 47.400 15.600
      vertex 104.300 47.400 15.600
    endloop
  endfacet
  facet normal 2.6040e+01 0.0000e+00 0.0000e+00
    outer loop
      vertex 105.600 47.400 11.400
      vertex 105.600 53.600 11.400
      vertex 105.600 53.600 15.600
    endloop
  endfacet
  facet normal 2.6040e+01 0.0000e+00 0.0000e+00
    outer loop
      vertex 105.600 47.400 11.400
      vertex 105.600 53.600 15.600
      vertex 105.600 47.400 15.600
    endloop
  endfacet
  facet normal 0.0000e+00 5.4600e+00 0.0000e+00
    outer loop
      vertex 105.600 53.600 11.400
      vertex 104.300 53.600 11.400
      vertex 104.300 53.600 15.600
    endloop
  endfacet
  facet normal 0.0000e+00 5.4600e+00 -0.0000e+00
    outer loop
      vertex 105.600 53.600 11.400
      vertex 104.300 53.600 15.600
      vertex 105.600 53.600 15.600
    endloop
  endfacet
  facet normal -2.6040e+01 0.0000e+00 0.0000e+00
    outer loop
      vertex 104.300 53.600 11.400
      vertex 104.300 47.400 11.400
      vertex 104.300 47.400 15.600
    endloop
  endfacet
  facet normal -2.6040e+01 0.0000e+00 0.0000e+00
    outer loop
      vertex 104.300 53.600 11.400
      vertex 104.300 47.400 15.600
      vertex 104.300 53.600 15.600
    endloop
  endfacet
endsolid padtap_base
